reward_mean,mrr_mean,recall_mean,recall_dense_mean,rank_bonus_mean,main_reward_mean,orig_mrr20_mean,rewrite_mrr20_mean,orig_recall20_mean,rewrite_recall20_mean,rewrite_recall50_mean,delta_mrr20_mean,delta_recall20_mean,delta_recall50_mean,orig_rank_bonus_mean,delta_rank_bonus_mean,anchor_bonus_mean,keyword_preserve_mean,recall_drop_penalty_mean,overedit_penalty_mean,bad_format_penalty_mean,unsafe_copy_penalty_mean,nonzero_reward_ratio,nonzero_mrr20_ratio,nonzero_recall20_ratio,delta_mrr20_positive_ratio,delta_recall20_positive_ratio,anchor_hit_ratio,recall_drop_ratio,adv_mean,adv_std,unique_final_query_mean,generated_sample_count_mean,generated_sample_count_max,extra_sample_ratio,reward_gap_raw_mean,reward_gap_met_ratio,max_group_size_hit_ratio,collapsed_group_ratio,all_same_final_query_ratio,flat_reward_group_ratio,flat_mrr20_group_ratio,flat_main_reward_group_ratio,flat_reward_skipped_group_ratio,flat_main_reward_skipped_group_ratio,trainable_group_ratio,best_reward_hit_best_mrr20_ratio,sampled,valid_samples,rollout_batch_prompt_count_mean,rollout_batch_prompt_count_min,rollout_batch_prompt_count_max,rollout_batch_call_count,rollout_batch_total_prompts,rollout_batch_expected_prompts,rollout_batch_fallback_split_count,loss,loss_pg,loss_pg_abs_mean,loss_kl,kl_dominance_ratio,updated,phase,epoch,step,timestamp_utc,count,stage,stage_idx,stage_step,global_step,time
-0.12364100160478275,0.2415922691525325,0.6419213973799127,0.8078602620087336,0.3681222707423581,0.0015505143028903678,0.22866342779006535,0.2415922691525325,0.7117903930131004,0.6419213973799127,0.8078602620087336,0.012928841362467169,-0.06986899563318777,-0.08733624454148471,0.3903930131004367,-0.022270742358078605,0.0,0.8127538642822486,0.12445414847161572,0.00430442919525889,0.002183406113537118,0.0,0.5807860262008734,0.6681222707423581,0.6681222707423581,0.22270742358078602,0.013100436681222707,0.0,0.08296943231441048,-0.03135780918546119,0.8386718034744263,5.583333333333333,9.541666666666666,12.0,0.1615720524017467,0.6461825396825397,0.625,0.375,0.08333333333333333,0.08333333333333333,0.25,0.3333333333333333,0.2916666666666667,0.16666666666666666,0.16666666666666666,0.75,1.0,229.0,157.0,24.0,24.0,24.0,8.0,192.0,192.0,0.0,-0.0032123215259260434,-0.0032244255398489107,0.7187078465132197,1.2104042801949218e-05,0.0001263128639517026,1.0,train,1,1,2026-04-22T06:59:39.106223+00:00,,Stage 1,1,1,1,2026-04-22 06:59:39.106223+00:00
-0.05721164331845792,0.2946858010893905,0.7678571428571429,0.8660714285714286,0.4408482142857143,0.037478832872018274,0.2580286281179138,0.2946858010893905,0.8035714285714286,0.7678571428571429,0.8660714285714286,0.03665717297147665,-0.03571428571428571,-0.044642857142857144,0.4428571428571429,-0.0020089285714285725,0.0,0.794717261904762,0.09375,0.011755952380952383,0.0,0.0,0.6919642857142857,0.7678571428571429,0.7678571428571429,0.29910714285714285,0.026785714285714284,0.0,0.0625,0.04011192139504211,0.902296245098114,5.541666666666667,9.333333333333334,12.0,0.14285714285714285,0.4674361020923521,0.6666666666666666,0.3333333333333333,0.041666666666666664,0.041666666666666664,0.16666666666666666,0.20833333333333334,0.16666666666666666,0.125,0.125,0.8333333333333334,1.0,224.0,176.0,24.0,24.0,24.0,8.0,192.0,192.0,0.0,0.0033773173662749205,0.003423030022531748,0.7917375893501396,-4.5712564606907463e-05,0.0004046535360072914,1.0,train,1,2,2026-04-22T07:04:36.153647+00:00,,Stage 1,1,2,2,2026-04-22 07:04:36.153647+00:00
-0.10502330508474576,0.2355207404103479,0.5621468926553672,0.7182203389830508,0.350635593220339,-0.0017238700564971704,0.2796610169491525,0.2355207404103479,0.6045197740112994,0.5621468926553672,0.7182203389830508,-0.04414027653880464,-0.0423728813559322,-0.033192090395480225,0.38389830508474576,-0.033262711864406776,0.0,0.7784301856335755,0.1016949152542373,0.020056497175141245,0.0,0.0,0.5423728813559322,0.5932203389830508,0.5932203389830508,0.08050847457627118,0.025423728813559324,0.0,0.08898305084745763,-0.030427972770343394,0.8132337331771851,5.5,9.833333333333334,12.0,0.1864406779661017,0.4244770171957672,0.5833333333333334,0.4166666666666667,0.08333333333333333,0.08333333333333333,0.2916666666666667,0.4583333333333333,0.3333333333333333,0.20833333333333334,0.20833333333333334,0.7083333333333334,1.0,236.0,152.0,24.0,24.0,24.0,8.0,192.0,192.0,0.0,0.0075210403454931156,0.007520321854635289,0.748030702044305,7.235305596291135e-07,0.0007309752348618609,1.0,train,1,3,2026-04-22T07:08:38.946462+00:00,,Stage 1,1,3,3,2026-04-22 07:08:38.946462+00:00
-0.2726692200174553,0.26054831950910384,0.6888888888888889,0.74,0.358,-0.044929960758196046,0.27521780688447356,0.26054831950910384,0.84,0.6888888888888889,0.74,-0.014669487375369727,-0.1511111111111111,-0.13555555555555557,0.41733333333333333,-0.059333333333333335,0.0,0.8041904761904762,0.22666666666666666,0.013407407407407411,0.0,0.0,0.6,0.6977777777777778,0.6977777777777778,0.2222222222222222,0.0,0.0,0.16,-0.06383066362804837,0.8450574278831482,5.958333333333333,9.375,12.0,0.14666666666666667,0.9842584186646687,0.7083333333333334,0.2916666666666667,0.08333333333333333,0.08333333333333333,0.25,0.2916666666666667,0.25,0.16666666666666666,0.16666666666666666,0.75,1.0,225.0,153.0,24.0,24.0,24.0,8.0,192.0,192.0,0.0,0.006155471786174899,0.0061380608993418075,0.7692689532353207,1.741256708131642e-05,0.0010738016822845742,1.0,train,1,4,2026-04-22T07:12:36.902479+00:00,,Stage 1,1,4,4,2026-04-22 07:12:36.902479+00:00
-0.14063731708311353,0.31731157724695214,0.75,0.8694690265486725,0.45,0.003035249288567875,0.3287698173585458,0.31731157724695214,0.8185840707964602,0.75,0.8694690265486725,-0.01145824011159363,-0.06858407079646017,-0.07743362831858407,0.4592920353982301,-0.009292035398230088,0.0,0.8,0.1426991150442478,0.012168141592920354,0.0,0.0,0.6858407079646017,0.7522123893805309,0.7522123893805309,0.11946902654867257,0.03982300884955752,0.0,0.09734513274336283,-0.09532232958806959,0.8540323972702026,6.0,9.416666666666666,12.0,0.1504424778761062,0.6657691544566545,0.6666666666666666,0.3333333333333333,0.041666666666666664,0.041666666666666664,0.25,0.3333333333333333,0.25,0.20833333333333334,0.20833333333333334,0.75,1.0,226.0,154.0,24.0,24.0,24.0,8.0,192.0,192.0,0.0,0.0038706737361824165,0.0038060768161198824,0.7660498733567256,6.459769985015071e-05,0.001266283577905598,1.0,train,1,5,2026-04-22T07:16:57.316013+00:00,,Stage 1,1,5,5,2026-04-22 07:16:57.316013+00:00
-0.07718124500276906,0.2509888663030374,0.6818181818181818,0.7840909090909091,0.38977272727272727,0.0395823913608673,0.1736787454969273,0.2509888663030374,0.6727272727272727,0.6818181818181818,0.7840909090909091,0.0773101208061101,0.00909090909090909,-0.1431818181818182,0.34272727272727277,0.04704545454545454,0.0,0.8146753246753247,0.1159090909090909,0.010681818181818183,0.0,0.0,0.6681818181818182,0.7,0.7,0.45,0.08636363636363636,0.0,0.07727272727272727,0.08755041618238796,0.9190921187400818,5.625,9.166666666666666,12.0,0.12727272727272726,0.6984181704733176,0.7083333333333334,0.2916666666666667,0.041666666666666664,0.041666666666666664,0.16666666666666666,0.2916666666666667,0.20833333333333334,0.125,0.125,0.8333333333333334,1.0,220.0,172.0,24.0,24.0,24.0,8.0,192.0,192.0,0.0,-0.001831414567869763,-0.002068536052870196,0.8316272327373194,0.0002371194880679944,0.0013991837208505678,1.0,train,1,6,2026-04-22T07:20:39.198200+00:00,,Stage 1,1,6,6,2026-04-22 07:20:39.198200+00:00
-0.02703643571726821,0.17458817838304377,0.614406779661017,0.7443502824858756,0.3177966101694915,0.017777123604765684,0.1620762711864407,0.17458817838304377,0.6313559322033898,0.614406779661017,0.7443502824858756,0.01251190719660311,-0.01694915254237288,-0.06214689265536723,0.3203389830508475,-0.0025423728813559333,0.0,0.8507768361581921,0.04449152542372881,0.004025423728813559,0.0,0.0,0.5805084745762712,0.614406779661017,0.614406779661017,0.09745762711864407,0.012711864406779662,0.0,0.029661016949152543,-4.1041333796614307e-10,0.7702078819274902,5.125,9.833333333333334,12.0,0.1864406779661017,0.49326470588235294,0.6666666666666666,0.3333333333333333,0.125,0.125,0.3333333333333333,0.5,0.3333333333333333,0.20833333333333334,0.20833333333333334,0.6666666666666666,1.0,236.0,140.0,24.0,24.0,24.0,8.0,192.0,192.0,0.0,0.011411660883043493,0.011090295974697385,0.715048478863069,0.0003213647096503434,0.0023916544779134163,1.0,train,1,7,2026-04-22T07:25:01.902146+00:00,,Stage 1,1,7,7,2026-04-22 07:25:01.902146+00:00
-0.23042271774544135,0.10235159263425941,0.4383561643835616,0.639269406392694,0.19794520547945207,-0.036349223507563554,0.13426074846406497,0.10235159263425941,0.5616438356164384,0.4383561643835616,0.639269406392694,-0.03190915582980556,-0.1232876712328767,-0.0319634703196347,0.2493150684931507,-0.05136986301369863,0.0,0.7755599043270276,0.1917808219178082,0.028658404000869758,0.0,0.0,0.4383561643835616,0.4383561643835616,0.4383561643835616,0.1963470319634703,0.0045662100456621,0.0,0.1278538812785388,1.091390984243454e-07,0.9141201972961426,6.0,9.125,12.0,0.1232876712328767,0.8741510087135088,0.75,0.25,0.041666666666666664,0.041666666666666664,0.125,0.4166666666666667,0.20833333333333334,0.08333333333333333,0.08333333333333333,0.875,1.0,219.0,183.0,24.0,24.0,24.0,8.0,192.0,192.0,0.0,0.008435514292430356,0.008203908149661914,0.7436078334929513,0.0002316043786626028,0.0025201376238933797,1.0,train,1,8,2026-04-22T07:29:16.091465+00:00,,Stage 1,1,8,8,2026-04-22 07:29:16.091465+00:00
-0.15000725262984876,0.15203083367936607,0.4855769230769231,0.6442307692307693,0.2694711538461539,0.002015183267587118,0.1298375376310599,0.15203083367936607,0.5192307692307693,0.4855769230769231,0.6442307692307693,0.02219329604830617,-0.03365384615384615,-0.10576923076923077,0.22115384615384615,0.048317307692307694,0.0,0.7741815476190476,0.15144230769230768,0.007251602564102566,0.0,0.0,0.4951923076923077,0.4855769230769231,0.4855769230769231,0.21634615384615385,0.0673076923076923,0.0,0.10096153846153846,-0.034523765986355454,0.8880867958068848,5.375,8.666666666666666,12.0,0.07692307692307693,0.7756656491656492,0.8333333333333334,0.16666666666666666,0.0,0.0,0.16666666666666666,0.3333333333333333,0.16666666666666666,0.16666666666666666,0.16666666666666666,0.8333333333333334,1.0,208.0,160.0,24.0,24.0,24.0,8.0,192.0,192.0,0.0,-0.002933932142332196,-0.003809631755575538,0.7914630847517401,0.0008756999708754876,0.0029594086191522713,1.0,train,1,9,2026-04-22T07:33:06.849891+00:00,,Stage 1,1,9,9,2026-04-22 07:33:06.849891+00:00
-0.15615609339269204,0.22335731749275392,0.45161290322580644,0.592741935483871,0.3278225806451613,-0.008720609521724314,0.2538402457757296,0.22335731749275392,0.5483870967741935,0.45161290322580644,0.592741935483871,-0.03048292828297572,-0.0967741935483871,-0.004032258064516129,0.3790322580645161,-0.05120967741935484,0.0,0.7879704301075269,0.14516129032258066,0.021370967741935486,0.0,0.004032258064516129,0.3911290322580645,0.45161290322580644,0.45161290322580644,0.0846774193548387,0.0,0.0,0.0967741935483871,-0.010839957924139115,0.74031662940979,5.583333333333333,10.333333333333334,12.0,0.22580645161290322,0.3394454365079365,0.4583333333333333,0.5416666666666666,0.08333333333333333,0.08333333333333333,0.4583333333333333,0.625,0.5833333333333334,0.375,0.375,0.5416666666666666,1.0,248.0,116.0,24.0,24.0,24.0,8.0,192.0,192.0,0.0,0.008384513058539095,0.0073544659234326465,0.7811184179937017,0.0010300506010868706,0.0039807400295463384,1.0,train,1,10,2026-04-22T07:37:05.104862+00:00,,Stage 1,1,10,10,2026-04-22 07:37:05.104862+00:00
-0.2356882834535673,0.272201245471758,0.7336244541484717,0.8165938864628821,0.4100436681222708,-0.011350583308006883,0.2681709487300156,0.272201245471758,0.8427947598253275,0.7336244541484717,0.8165938864628821,0.004030296741742384,-0.1091703056768559,-0.09606986899563319,0.40371179039301314,0.006331877729257645,0.0,0.7933770014556041,0.22270742358078602,0.012736535662299856,0.0,0.004366812227074236,0.6899563318777293,0.7336244541484717,0.7336244541484717,0.17903930131004367,0.039301310043668124,0.0,0.14847161572052403,-0.031357771302187025,0.8693512678146362,5.916666666666667,9.541666666666666,12.0,0.1615720524017467,0.7326094576719577,0.6666666666666666,0.3333333333333333,0.0,0.0,0.20833333333333334,0.3333333333333333,0.25,0.20833333333333334,0.20833333333333334,0.7916666666666666,1.0,229.0,169.0,24.0,24.0,24.0,8.0,192.0,192.0,0.0,0.0010585663564635452,-4.5624487212247396e-05,0.7191569817957838,0.0011041903409899313,0.00364228238963911,1.0,train,1,11,2026-04-22T07:41:00.591586+00:00,,Stage 1,1,11,11,2026-04-22 07:41:00.591586+00:00
-0.015829139424818436,0.21329201776732643,0.5185185185185185,0.7160493827160493,0.33395061728395065,-0.0008598700111045773,0.23196159122085047,0.21329201776732643,0.4732510288065844,0.5185185185185185,0.7160493827160493,-0.018669573453524074,0.04526748971193416,-0.18518518518518517,0.3506172839506173,-0.01666666666666667,0.0,0.7661576078242744,0.012345679012345678,0.018391587836032283,0.0,0.00823045267489712,0.4444444444444444,0.5349794238683128,0.5349794238683128,0.1111111111111111,0.053497942386831275,0.0,0.00823045267489712,-0.029550936303020997,0.7472285628318787,5.833333333333333,10.125,12.0,0.20987654320987653,0.31622139550264555,0.5,0.5,0.08333333333333333,0.08333333333333333,0.4166666666666667,0.5,0.4583333333333333,0.3333333333333333,0.3333333333333333,0.5833333333333334,1.0,243.0,123.0,24.0,24.0,24.0,8.0,192.0,192.0,0.0,0.007713500682900592,0.00684154996784722,0.7706867567286259,0.0008719437078329568,0.0034864451853930303,1.0,train,1,12,2026-04-22T07:44:54.133830+00:00,,Stage 1,1,12,12,2026-04-22 07:44:54.133830+00:00
-0.14894820774967832,0.17937323910621125,0.5900900900900901,0.8333333333333334,0.3141891891891892,0.02325213545066487,0.18142428142428144,0.17937323910621125,0.5585585585585585,0.5900900900900901,0.8333333333333334,-0.0020510423180701808,0.03153153153153153,-0.07657657657657657,0.3135135135135135,0.000675675675675674,0.0,0.7853710853710854,0.16891891891891891,0.028067353067353067,0.0022522522522522522,0.0045045045045045045,0.5405405405405406,0.5900900900900901,0.5900900900900901,0.31981981981981983,0.14414414414414414,0.0,0.11261261261261261,-1.0155611210041218e-07,0.8542420864105225,5.375,9.25,12.0,0.13513513513513514,0.802281606125356,0.75,0.25,0.041666666666666664,0.041666666666666664,0.20833333333333334,0.3333333333333333,0.20833333333333334,0.16666666666666666,0.16666666666666666,0.7916666666666666,1.0,222.0,162.0,24.0,24.0,24.0,8.0,192.0,192.0,0.0,0.006183875011809078,0.0051303804380658236,0.7543244350379632,0.00105349289527359,0.006131143748284762,1.0,train,1,13,2026-04-22T07:48:08.564915+00:00,,Stage 1,1,13,13,2026-04-22 07:48:08.564915+00:00
-0.026423394426641173,0.2131726033896232,0.6277056277056277,0.8095238095238095,0.3142857142857143,0.04608866494256105,0.18530199958771387,0.2131726033896232,0.5887445887445888,0.6277056277056277,0.8095238095238095,0.02787060380190934,0.03896103896103896,-0.03463203463203463,0.28917748917748914,0.025108225108225107,0.0,0.8252370645227788,0.07142857142857142,0.013543599257884974,0.0,0.0,0.6493506493506493,0.6277056277056277,0.6277056277056277,0.2510822510822511,0.08658008658008658,0.0,0.047619047619047616,-0.062172148392830064,0.8183532357215881,5.0,9.625,12.0,0.16883116883116883,0.39606198893698896,0.625,0.375,0.041666666666666664,0.041666666666666664,0.2916666666666667,0.4583333333333333,0.3333333333333333,0.25,0.25,0.7083333333333334,1.0,231.0,147.0,24.0,24.0,24.0,8.0,192.0,192.0,0.0,0.0024636924064078297,0.0014700837889496162,0.7411991318269652,0.0009936082600646916,0.005002615177994087,1.0,train,1,14,2026-04-22T07:52:09.913835+00:00,,Stage 1,1,14,14,2026-04-22 07:52:09.913835+00:00
-0.15000973530437814,0.17214972527472527,0.6160714285714286,0.7566964285714286,0.3098214285714286,-0.014724021018663871,0.1886932016396302,0.17214972527472527,0.6607142857142857,0.6160714285714286,0.7566964285714286,-0.016543476364904938,-0.044642857142857144,-0.11830357142857142,0.31428571428571433,-0.0044642857142857114,0.0,0.8526785714285714,0.13392857142857142,0.009151785714285715,0.0,0.004464285714285714,0.625,0.6294642857142857,0.6294642857142857,0.22767857142857142,0.049107142857142856,0.0,0.08928571428571429,0.0320577854955835,0.8347018957138062,5.75,9.333333333333334,12.0,0.14285714285714285,0.6361157153032152,0.6666666666666666,0.3333333333333333,0.08333333333333333,0.08333333333333333,0.25,0.375,0.25,0.16666666666666666,0.16666666666666666,0.75,1.0,224.0,152.0,24.0,24.0,24.0,8.0,192.0,192.0,0.0,-0.0020500477893572104,-0.0031525541194959692,0.8481711704578054,0.001102506991126748,0.004867371400665277,1.0,train,1,15,2026-04-22T07:55:16.243083+00:00,,Stage 1,1,15,15,2026-04-22 07:55:16.243083+00:00
-0.08241578817945752,0.23574081622594326,0.6431718061674009,0.7665198237885462,0.3398678414096917,0.03813634104227522,0.19491135394219095,0.23574081622594326,0.6519823788546255,0.6431718061674009,0.7665198237885462,0.040829462283752324,-0.00881057268722467,-0.039647577092511016,0.28193832599118945,0.057929515418502206,0.0,0.8067547723935389,0.11894273127753303,0.012408223201174745,0.0,0.004405286343612335,0.6211453744493393,0.6607929515418502,0.6607929515418502,0.3392070484581498,0.0881057268722467,0.0,0.07929515418502203,-0.031634144189599325,0.8049132227897644,5.333333333333333,9.458333333333334,12.0,0.15418502202643172,0.49753149050024054,0.6666666666666666,0.3333333333333333,0.041666666666666664,0.041666666666666664,0.2916666666666667,0.375,0.2916666666666667,0.25,0.25,0.7083333333333334,1.0,227.0,143.0,24.0,24.0,24.0,8.0,192.0,192.0,0.0,0.0023409706520867513,0.0007859282977097518,0.809758549178397,0.0015550365183975424,0.005661797697069692,1.0,train,1,16,2026-04-22T07:58:58.615278+00:00,,Stage 1,1,16,16,2026-04-22 07:58:58.615278+00:00
-0.1664264352228295,0.18155211979534816,0.6485355648535565,0.7154811715481172,0.32322175732217573,-0.0333537115727,0.2108026930817972,0.18155211979534816,0.7322175732217573,0.6485355648535565,0.7154811715481172,-0.02925057328644903,-0.08368200836820083,-0.13389121338912133,0.3418410041841004,-0.01861924686192469,0.0,0.7985953377166767,0.13179916317991633,0.008597330145447302,0.0,0.0041841004184100415,0.5815899581589958,0.6485355648535565,0.6485355648535565,0.2384937238493724,0.0041841004184100415,0.0,0.08786610878661087,-5.153058463060706e-08,0.8571486473083496,5.583333333333333,9.958333333333334,12.0,0.19665271966527198,0.513854967948718,0.5416666666666666,0.4583333333333333,0.08333333333333333,0.08333333333333333,0.25,0.2916666666666667,0.25,0.16666666666666666,0.16666666666666666,0.75,1.0,239.0,167.0,24.0,24.0,24.0,8.0,192.0,192.0,0.0,0.005486929800339088,0.0032966416217609794,0.8231591047819503,0.0021902875014484105,0.0054326731232231815,1.0,train,1,17,2026-04-22T08:03:10.561476+00:00,,Stage 1,1,17,17,2026-04-22 08:03:10.561476+00:00
-0.03591929488417824,0.166894172567347,0.4525862068965517,0.574712643678161,0.27844827586206894,0.03657495798938497,0.16063218390804598,0.166894172567347,0.4482758620689655,0.4525862068965517,0.574712643678161,0.0062619886593010335,0.004310344827586207,0.022988505747126436,0.303448275862069,-0.025,0.0,0.7813936781609195,0.07112068965517242,0.009626436781609196,0.0,0.004310344827586207,0.4353448275862069,0.4525862068965517,0.4525862068965517,0.11206896551724138,0.05172413793103448,0.0,0.04741379310344827,-9.035233986274949e-09,0.7987049221992493,4.916666666666667,9.666666666666666,12.0,0.1724137931034483,0.3998672542735043,0.5833333333333334,0.4166666666666667,0.08333333333333333,0.08333333333333333,0.2916666666666667,0.5833333333333334,0.4166666666666667,0.20833333333333334,0.20833333333333334,0.7083333333333334,1.0,232.0,148.0,24.0,24.0,24.0,8.0,192.0,192.0,0.0,0.003493407822994364,0.0026871430045748886,0.7643531553787053,0.0008062640889882817,0.005739287229836426,1.0,train,1,18,2026-04-22T08:08:17.680899+00:00,,Stage 1,1,18,18,2026-04-22 08:08:17.680899+00:00
-0.08877405816174687,0.12004713891032695,0.5176991150442478,0.6460176991150443,0.2095132743362832,0.013426531808754614,0.13356138915743287,0.12004713891032695,0.48672566371681414,0.5176991150442478,0.6460176991150443,-0.01351425024710594,0.030973451327433628,-0.05309734513274336,0.24867256637168142,-0.03915929203539824,0.0,0.8143436578171092,0.09955752212389381,0.009808259587020652,0.0,0.01327433628318584,0.42035398230088494,0.5176991150442478,0.5176991150442478,0.1504424778761062,0.09734513274336283,0.0,0.06637168141592921,-2.6703408334107526e-09,0.7584333419799805,5.541666666666667,9.416666666666666,12.0,0.1504424778761062,0.6595070346320346,0.6666666666666666,0.3333333333333333,0.08333333333333333,0.08333333333333333,0.3333333333333333,0.375,0.3333333333333333,0.25,0.25,0.6666666666666666,1.0,226.0,130.0,24.0,24.0,24.0,8.0,192.0,192.0,0.0,0.002042808641607945,-0.00026016269738857563,0.8001500673018969,0.002302972962901934,0.006881892626526211,1.0,train,1,19,2026-04-22T08:11:56.268691+00:00,,Stage 1,1,19,19,2026-04-22 08:11:56.268691+00:00
-0.08523376782297487,0.1988515500137341,0.5220264317180616,0.7224669603524229,0.32048458149779735,0.04208488122254643,0.15563026509003788,0.1988515500137341,0.5594713656387665,0.5220264317180616,0.7224669603524229,0.04322128492369624,-0.037444933920704845,0.022026431718061675,0.27158590308370045,0.04889867841409692,0.0,0.8211733445213621,0.12555066079295155,0.006681350954478709,0.0,0.00881057268722467,0.6167400881057269,0.5374449339207048,0.5374449339207048,0.32599118942731276,0.06167400881057269,0.0,0.08370044052863436,0.031633552393592924,0.8371068835258484,5.125,9.458333333333334,12.0,0.15418502202643172,0.5646917087542088,0.6666666666666666,0.3333333333333333,0.08333333333333333,0.08333333333333333,0.25,0.375,0.3333333333333333,0.16666666666666666,0.16666666666666666,0.75,1.0,227.0,155.0,24.0,24.0,24.0,8.0,192.0,192.0,0.0,0.0011894120143786553,-0.0009989058058108053,0.7673648757559638,0.0021883130095343146,0.005250284107962019,1.0,train,1,20,2026-04-22T08:15:49.211893+00:00,,Stage 1,1,20,20,2026-04-22 08:15:49.211893+00:00
-0.03234106286816039,0.187403068530197,0.4691666666666666,0.59125,0.27375,0.03648260463392817,0.18192253001985975,0.187403068530197,0.46041666666666664,0.4691666666666666,0.59125,0.005480538510337272,0.00875,0.02,0.27837500000000004,-0.004625000000000001,0.0,0.7946297514619883,0.0675,0.012170843776106935,0.0,0.0025,,0.48,0.48,0.155,0.055,0.0,0.045,,,,,,,,,,,,,,,,,,,,,,,,,,,,,,,,,,eval,1,20,2026-04-22T08:17:29.361775+00:00,400.0,Stage 1,1,21,21,2026-04-22 08:17:29.361775+00:00
-0.015404935177176294,0.3048622056016575,0.7458677685950413,0.78099173553719,0.468801652892562,0.049909114409600566,0.25741760265338287,0.3048622056016575,0.768595041322314,0.7458677685950413,0.78099173553719,0.04744460294827463,-0.022727272727272728,-0.0371900826446281,0.44297520661157025,0.025826446280991736,0.0,0.8530893349075167,0.06508264462809918,0.002892561983471075,0.0,0.0,0.6942148760330579,0.7520661157024794,0.7520661157024794,0.26859504132231404,0.024793388429752067,0.0,0.06198347107438017,-0.02967338313248532,0.7875158786773682,5.458333333333333,10.083333333333334,12.0,0.2066115702479339,0.6373088624338624,0.5416666666666666,0.4583333333333333,0.08333333333333333,0.08333333333333333,0.3333333333333333,0.4166666666666667,0.375,0.25,0.25,0.6666666666666666,1.0,242.0,146.0,24.0,24.0,24.0,8.0,192.0,192.0,0.0,0.0037825854673777543,0.0017195899702914773,0.781864467497966,0.002062993178934372,0.007360124780609381,1.0,train,1,21,2026-04-22T08:21:09.219267+00:00,,Stage 1,1,22,22,2026-04-22 08:21:09.219267+00:00
-0.1466737308307161,0.251776281817884,0.51875,0.6166666666666667,0.31604166666666667,0.014005634248648962,0.21464522677757972,0.251776281817884,0.6,0.51875,0.6166666666666667,0.03713105504030427,-0.08125,-0.03333333333333333,0.31833333333333336,-0.0022916666666666684,0.0,0.7763938492063491,0.159375,0.009012896825396827,0.0,0.004166666666666667,0.5583333333333333,0.5583333333333333,0.5583333333333333,0.2625,0.025,0.0,0.11666666666666667,0.012896004257102807,0.8089514374732971,5.041666666666667,10.0,12.0,0.2,0.5536190476190476,0.5416666666666666,0.4583333333333333,0.125,0.125,0.3333333333333333,0.5,0.4583333333333333,0.20833333333333334,0.20833333333333334,0.6666666666666666,1.0,240.0,144.0,24.0,24.0,24.0,8.0,192.0,192.0,0.0,0.008319549184913436,0.006176617979589436,0.7414480606611404,0.002142928673797605,0.006345505901741309,1.0,train,1,22,2026-04-22T08:24:48.872265+00:00,,Stage 1,1,23,23,2026-04-22 08:24:48.872265+00:00
-0.03475422795247334,0.15954765231712173,0.5214592274678111,0.726752503576538,0.2572961373390558,0.029230239654311863,0.18387963967363108,0.15954765231712173,0.4663805436337625,0.5214592274678111,0.726752503576538,-0.024331987356509342,0.055078683834048646,-0.017167381974248927,0.27639484978540774,-0.01909871244635193,0.0,0.7682352340077662,0.06223175965665236,0.006887390149192725,0.0,0.008583690987124463,0.5107296137339056,0.5536480686695279,0.5536480686695279,0.2317596566523605,0.11587982832618025,0.0,0.06437768240343347,-0.030819528948020015,0.778123140335083,5.125,9.708333333333334,12.0,0.1759656652360515,0.4709528684142655,0.6666666666666666,0.3333333333333333,0.08333333333333333,0.08333333333333333,0.3333333333333333,0.375,0.375,0.25,0.25,0.6666666666666666,0.9583333333333334,233.0,137.0,24.0,24.0,24.0,8.0,192.0,192.0,0.0,0.002947002051085451,-0.00043314143362706595,0.7258651194291829,0.0033801451486841086,0.007191462239676033,1.0,train,1,23,2026-04-22T08:27:47.517782+00:00,,Stage 1,1,24,24,2026-04-22 08:27:47.517782+00:00
-0.009760888316971195,0.3213929395299012,0.8181818181818182,0.9045454545454545,0.5031818181818182,0.05165339739731452,0.3401280181494085,0.3213929395299012,0.8,0.8181818181818182,0.9045454545454545,-0.01873507861950727,0.01818181818181818,0.013636363636363636,0.4881818181818182,0.015000000000000003,0.0,0.8426839826839827,0.06136363636363636,0.0006331168831168836,0.0,0.0,0.740909090909091,0.8227272727272728,0.8227272727272728,0.39090909090909093,0.06363636363636363,0.0,0.04090909090909091,-1.0403719815340909e-07,0.8842043876647949,5.041666666666667,9.166666666666666,12.0,0.12727272727272726,0.4667508116883117,0.75,0.25,0.08333333333333333,0.08333333333333333,0.16666666666666666,0.16666666666666666,0.16666666666666666,0.08333333333333333,0.08333333333333333,0.8333333333333334,1.0,220.0,172.0,24.0,24.0,24.0,8.0,192.0,192.0,0.0,0.00380205501650655,0.0007656427143618118,0.803740655873404,0.0030364111600943563,0.0062766472154177815,1.0,train,1,24,2026-04-22T08:32:01.717473+00:00,,Stage 1,1,25,25,2026-04-22 08:32:01.717473+00:00
-0.002668085708921872,0.21296153007894686,0.6962809917355371,0.8491735537190083,0.390495867768595,0.05117200349480369,0.18867243867243866,0.21296153007894686,0.6487603305785123,0.6962809917355371,0.8491735537190083,0.024289091406508187,0.047520661157024795,-0.05165289256198347,0.3516528925619835,0.03884297520661157,0.0,0.8296733569460842,0.05268595041322314,0.007195329922602652,0.0,0.004132231404958678,0.6735537190082644,0.731404958677686,0.731404958677686,0.21487603305785125,0.08264462809917356,0.0,0.0371900826446281,-0.029673747210340065,0.8183919787406921,5.291666666666667,10.083333333333334,12.0,0.2066115702479339,0.45299929863165156,0.5416666666666666,0.4583333333333333,0.041666666666666664,0.041666666666666664,0.2916666666666667,0.4583333333333333,0.2916666666666667,0.25,0.25,0.7083333333333334,0.9583333333333334,242.0,158.0,24.0,24.0,24.0,8.0,192.0,192.0,0.0,0.00529605170263897,0.0007414858363851716,0.6888174559873871,0.004554566492027887,0.010793227741512944,1.0,train,1,25,2026-04-22T08:36:16.207178+00:00,,Stage 1,1,26,26,2026-04-22 08:36:16.207178+00:00
-0.1864316535118674,0.11791028133555574,0.4329004329004329,0.658008658008658,0.1647186147186147,-0.01087032595053985,0.14953531317167681,0.11791028133555574,0.39826839826839827,0.4329004329004329,0.658008658008658,-0.03162503183612106,0.03463203463203463,-0.11688311688311688,0.1896103896103896,-0.024891774891774895,0.0,0.8362193362193362,0.17532467532467533,0.0029581529581529584,0.0,0.0,0.45454545454545453,0.4329004329004329,0.4329004329004329,0.3246753246753247,0.15151515151515152,0.0,0.11688311688311688,0.049856882437547566,0.7935866117477417,5.458333333333333,9.625,12.0,0.16883116883116883,0.6126300766227236,0.6666666666666666,0.3333333333333333,0.041666666666666664,0.041666666666666664,0.3333333333333333,0.5,0.3333333333333333,0.2916666666666667,0.2916666666666667,0.6666666666666666,1.0,231.0,135.0,24.0,24.0,24.0,8.0,192.0,192.0,0.0,0.00653898020585378,0.000583858084347513,0.7501232022350585,0.005955125504221912,0.012235920643879229,1.0,train,1,26,2026-04-22T08:39:44.017480+00:00,,Stage 1,1,27,27,2026-04-22 08:39:44.017480+00:00
-0.09810307259484727,0.1772154630074292,0.5720338983050848,0.8050847457627118,0.2847457627118644,0.023241560173514315,0.13277959992815427,0.1772154630074292,0.6271186440677966,0.5720338983050848,0.8050847457627118,0.04443586307927495,-0.05508474576271186,-0.025423728813559324,0.2584745762711864,0.026271186440677965,0.0,0.7782015065913371,0.12076271186440678,0.00727401129943503,0.0,0.0,0.5635593220338984,0.5720338983050848,0.5720338983050848,0.24152542372881355,0.025423728813559324,0.0,0.08050847457627118,5.393462666010452e-07,0.8336151838302612,5.333333333333333,9.833333333333334,12.0,0.1864406779661017,0.6053703958078959,0.5833333333333334,0.4166666666666667,0.041666666666666664,0.041666666666666664,0.25,0.4583333333333333,0.2916666666666667,0.20833333333333334,0.20833333333333334,0.75,1.0,236.0,164.0,24.0,24.0,24.0,8.0,192.0,192.0,0.0,0.005774369599615655,0.0013287665276992611,0.7975469233422745,0.004445607379571678,0.009494177587563057,1.0,train,1,27,2026-04-22T08:43:37.043962+00:00,,Stage 1,1,28,28,2026-04-22 08:43:37.043962+00:00
-0.19712536888398957,0.29653975410554356,0.6508620689655172,0.7198275862068966,0.4196120689655172,-0.006889736700081522,0.30485893416927895,0.29653975410554356,0.7241379310344828,0.6508620689655172,0.7198275862068966,-0.008319180063735415,-0.07327586206896551,-0.10775862068965517,0.46551724137931033,-0.045905172413793105,0.0,0.829669540229885,0.1875,0.01156609195402299,0.0,0.01293103448275862,0.646551724137931,0.6508620689655172,0.6508620689655172,0.11206896551724138,0.05172413793103448,0.0,0.125,-0.06190468019259901,0.850214958190918,5.125,9.666666666666666,12.0,0.1724137931034483,0.5472377252377253,0.6666666666666666,0.3333333333333333,0.0,0.0,0.25,0.5,0.3333333333333333,0.25,0.25,0.75,1.0,232.0,160.0,24.0,24.0,24.0,8.0,192.0,192.0,0.0,0.004585607419721782,0.0015189440688118338,0.7608766620745883,0.0030666627146871406,0.008369466709344766,1.0,train,1,28,2026-04-22T08:47:36.527434+00:00,,Stage 1,1,29,29,2026-04-22 08:47:36.527434+00:00
-0.0015412687312687215,0.2668296696805469,0.6244444444444445,0.8,0.3591111111111111,0.08275799052799054,0.24541975308641975,0.2668296696805469,0.5866666666666667,0.6244444444444445,0.8,0.02140991659412712,0.03777777777777778,0.12444444444444444,0.3048888888888889,0.05422222222222223,0.0,0.7839259259259259,0.08333333333333333,0.004296296296296297,0.0,0.0044444444444444444,0.7111111111111111,0.64,0.64,0.3111111111111111,0.09333333333333334,0.0,0.057777777777777775,-0.095745992494954,0.8533042073249817,5.666666666666667,9.375,12.0,0.14666666666666667,0.7294529267029266,0.7083333333333334,0.2916666666666667,0.041666666666666664,0.041666666666666664,0.25,0.4166666666666667,0.25,0.20833333333333334,0.20833333333333334,0.75,1.0,225.0,153.0,24.0,24.0,24.0,8.0,192.0,192.0,0.0,0.010298148430640402,0.0030051753947547837,0.7528951202878376,0.0072929729734930926,0.015986669314988093,1.0,train,1,29,2026-04-22T08:50:41.635458+00:00,,Stage 1,1,30,30,2026-04-22 08:50:41.635458+00:00
-0.17953493143123786,0.09658267013584171,0.5023255813953489,0.7116279069767442,0.17418604651162792,-0.02346095579447153,0.16278959174920005,0.09658267013584171,0.5069767441860465,0.5023255813953489,0.7116279069767442,-0.06620692161335837,-0.004651162790697674,-0.06511627906976744,0.21999999999999997,-0.04581395348837209,0.0,0.6973975636766334,0.15348837209302327,0.027087486157253596,0.002325581395348837,0.0,0.44651162790697674,0.5209302325581395,0.5209302325581395,0.2744186046511628,0.09767441860465116,0.0,0.10232558139534884,-5.3505564844885536e-08,0.9716920852661133,5.625,8.958333333333334,12.0,0.10697674418604651,0.9250731571669072,0.8333333333333334,0.16666666666666666,0.0,0.0,0.041666666666666664,0.2916666666666667,0.125,0.041666666666666664,0.041666666666666664,0.9583333333333334,1.0,215.0,203.0,24.0,24.0,24.0,8.0,192.0,192.0,0.0,0.006919829184051805,0.0019494782160655619,0.7626665365593187,0.004970352087291964,0.011452903584675326,1.0,train,1,30,2026-04-22T08:54:19.403241+00:00,,Stage 1,1,31,31,2026-04-22 08:54:19.403241+00:00
-0.12016828184231215,0.2636430990217138,0.62882096069869,0.8231441048034934,0.3764192139737991,0.011034047124208956,0.29171944019105595,0.2636430990217138,0.6899563318777293,0.62882096069869,0.8231441048034934,-0.028076341169342104,-0.0611353711790393,0.010917030567685589,0.39999999999999997,-0.02358078602620087,0.0,0.8554897067997504,0.13100436681222707,0.002474526928675401,0.0,0.0,0.5982532751091703,0.6462882096069869,0.6462882096069869,0.11790393013100436,0.026200873362445413,0.0,0.08733624454148471,-0.06271567888655517,0.8784005045890808,5.208333333333333,9.541666666666666,12.0,0.1615720524017467,0.7909920634920634,0.75,0.25,0.041666666666666664,0.041666666666666664,0.20833333333333334,0.3333333333333333,0.25,0.16666666666666666,0.16666666666666666,0.7916666666666666,1.0,229.0,169.0,24.0,24.0,24.0,8.0,192.0,192.0,0.0,0.0075011580477099445,-0.00046135370547954854,0.7256954227678875,0.007962513382797479,0.014569746535858153,1.0,train,1,31,2026-04-22T08:58:10.859822+00:00,,Stage 1,1,32,32,2026-04-22 08:58:10.859822+00:00
-0.19713603305276337,0.19340730994665298,0.5497835497835498,0.7705627705627706,0.2926406926406926,0.0124368385201082,0.16728621518537487,0.19340730994665298,0.658008658008658,0.5497835497835498,0.7705627705627706,0.026121094761278107,-0.10822510822510822,0.025974025974025976,0.2917748917748918,0.0008658008658008628,0.0,0.8360103821142782,0.2077922077922078,0.0022366522366522364,0.0021645021645021645,0.008658008658008658,0.6190476190476191,0.5844155844155844,0.5844155844155844,0.31601731601731603,0.030303030303030304,0.0,0.17316017316017315,0.013397677039558237,0.9212614297866821,5.208333333333333,9.625,12.0,0.16883116883116883,0.7021048032849503,0.6666666666666666,0.3333333333333333,0.08333333333333333,0.08333333333333333,0.16666666666666666,0.375,0.25,0.08333333333333333,0.08333333333333333,0.8333333333333334,1.0,231.0,183.0,24.0,24.0,24.0,8.0,192.0,192.0,0.0,0.006497328006789658,0.0021039611797352307,0.7347638894768198,0.004393366637685703,0.010654441858906271,1.0,train,1,32,2026-04-22T09:01:55.902549+00:00,,Stage 1,1,33,33,2026-04-22 09:01:55.902549+00:00
-0.05274440043876535,0.22040632399357982,0.6150442477876106,0.7831858407079646,0.3230088495575221,0.04134114528394851,0.20406842420116758,0.22040632399357982,0.6283185840707964,0.6150442477876106,0.7831858407079646,0.016337899792412246,-0.01327433628318584,0.030973451327433628,0.31283185840707967,0.01017699115044248,0.0,0.8396333754740835,0.09292035398230089,0.006821533923303835,0.0,0.004424778761061947,0.6017699115044248,0.6150442477876106,0.6150442477876106,0.2610619469026549,0.048672566371681415,0.0,0.061946902654867256,-0.06354819244779317,0.8766428828239441,6.166666666666667,9.416666666666666,12.0,0.1504424778761062,0.7317140706515707,0.7083333333333334,0.2916666666666667,0.0,0.0,0.20833333333333334,0.375,0.25,0.20833333333333334,0.20833333333333334,0.7916666666666666,1.0,226.0,166.0,24.0,24.0,24.0,8.0,192.0,192.0,0.0,0.005041493933243924,-0.001154557409056698,0.7824251328606203,0.0061960547276590575,0.012076773440317276,1.0,train,1,33,2026-04-22T09:05:21.923518+00:00,,Stage 1,1,34,34,2026-04-22 09:05:21.923518+00:00
-0.055399767013817866,0.1712657682019019,0.5240174672489083,0.7707423580786026,0.25655021834061137,0.030020902564056946,0.1582826989400191,0.1712657682019019,0.4890829694323144,0.5240174672489083,0.7707423580786026,0.012983069261882788,0.034934497816593885,-0.05021834061135371,0.24279475982532753,0.013755458515283845,0.0,0.8502599292992306,0.0851528384279476,0.003347889374090248,0.0,0.0,0.5720524017467249,0.5240174672489083,0.5240174672489083,0.18777292576419213,0.09170305676855896,0.0,0.056768558951965066,-0.07059407240698952,0.78990238904953,5.041666666666667,9.541666666666666,12.0,0.1615720524017467,0.4776433635808636,0.6666666666666666,0.3333333333333333,0.0,0.0,0.3333333333333333,0.5,0.3333333333333333,0.3333333333333333,0.3333333333333333,0.6666666666666666,1.0,229.0,133.0,24.0,24.0,24.0,8.0,192.0,192.0,0.0,0.01289708497829007,0.0038844689278674303,0.7290332408663922,0.009012622133136881,0.01716101372450642,1.0,train,1,34,2026-04-22T09:08:46.908677+00:00,,Stage 1,1,35,35,2026-04-22 09:08:46.908677+00:00
-0.030229232244436632,0.31187496590038966,0.7033898305084746,0.7627118644067796,0.4199152542372881,0.02825664346177806,0.2985100254791182,0.31187496590038966,0.7288135593220338,0.7033898305084746,0.7627118644067796,0.01336494042127143,-0.025423728813559324,-0.05084745762711865,0.4161016949152542,0.003813559322033899,0.0,0.8769067796610169,0.057203389830508475,0.0012005649717514127,0.0,0.00847457627118644,0.6313559322033898,0.7203389830508474,0.7203389830508474,0.2076271186440678,0.012711864406779662,0.0,0.038135593220338986,-0.12171092894622836,0.8677178025245667,4.791666666666667,9.833333333333334,12.0,0.1864406779661017,0.39828591894216897,0.625,0.375,0.041666666666666664,0.041666666666666664,0.25,0.375,0.3333333333333333,0.20833333333333334,0.20833333333333334,0.75,1.0,236.0,164.0,24.0,24.0,24.0,8.0,192.0,192.0,0.0,0.005206931155265831,-0.0030861823342558815,0.7424249102747659,0.008293115488621569,0.015072820444373549,1.0,train,1,35,2026-04-22T09:12:49.043529+00:00,,Stage 1,1,36,36,2026-04-22 09:12:49.043529+00:00
0.015931106453555704,0.23379468096600756,0.6814159292035398,0.8606194690265486,0.36570796460176996,0.0579601835711284,0.22815889280723933,0.23379468096600756,0.6902654867256637,0.6814159292035398,0.8606194690265486,0.0056357881587682426,-0.008849557522123894,0.09955752212389381,0.3663716814159292,-0.000663716814159291,0.0,0.853176359039191,0.03982300884955752,0.004345764854614413,0.0,0.01327433628318584,0.7256637168141593,0.6991150442477876,0.6991150442477876,0.12831858407079647,0.017699115044247787,0.0,0.030973451327433628,-0.031774136606620346,0.8975603580474854,5.291666666666667,9.416666666666666,12.0,0.1504424778761062,0.5093229657053187,0.75,0.25,0.0,0.0,0.16666666666666666,0.3333333333333333,0.20833333333333334,0.16666666666666666,0.16666666666666666,0.8333333333333334,1.0,226.0,178.0,24.0,24.0,24.0,8.0,192.0,192.0,0.0,0.007782294932920276,-0.0022431733714563125,0.697180105572085,0.010025466139401733,0.019703420647216762,1.0,train,1,36,2026-04-22T09:16:11.075548+00:00,,Stage 1,1,37,37,2026-04-22 09:16:11.075548+00:00
0.06686377877554348,0.33920039949451714,0.6602316602316602,0.749034749034749,0.4368725868725869,0.07269924061100533,0.333976833976834,0.33920039949451714,0.555984555984556,0.6602316602316602,0.749034749034749,0.005223565517683164,0.10424710424710425,-0.019305019305019305,0.4247104247104247,0.012162162162162161,0.0,0.8472717222717223,0.005791505791505791,0.0005494505494505495,0.0,0.0,0.637065637065637,0.6718146718146718,0.6718146718146718,0.13127413127413126,0.10810810810810811,0.0,0.007722007722007722,-0.08317709583285693,0.6882741451263428,6.0,10.791666666666666,12.0,0.25868725868725867,0.12098346261581555,0.3333333333333333,0.6666666666666666,0.041666666666666664,0.041666666666666664,0.5416666666666666,0.625,0.5833333333333334,0.5,0.5,0.4583333333333333,1.0,259.0,103.0,24.0,24.0,24.0,8.0,192.0,192.0,0.0,0.014742965945630397,0.006181059766886304,0.7736969579517552,0.008561906287795157,0.01625627414991863,1.0,train,1,37,2026-04-22T09:20:07.513675+00:00,,Stage 1,1,38,38,2026-04-22 09:20:07.513675+00:00
-0.02695042953319569,0.24916170700686988,0.6673553719008265,0.7334710743801653,0.39545454545454545,0.046486406358185656,0.21980426530742525,0.24916170700686988,0.6859504132231405,0.6673553719008265,0.7334710743801653,0.029357441699444615,-0.01859504132231405,0.006198347107438017,0.3685950413223141,0.026859504132231406,0.0,0.8658795749704841,0.07128099173553719,0.00525383707201889,0.0,0.012396694214876033,0.7066115702479339,0.7066115702479339,0.7066115702479339,0.22727272727272727,0.05785123966942149,0.0,0.05371900826446281,-0.05934669588469277,0.7653172016143799,5.458333333333333,10.083333333333334,12.0,0.2066115702479339,0.41157909982174684,0.5416666666666666,0.4583333333333333,0.041666666666666664,0.041666666666666664,0.375,0.4583333333333333,0.375,0.3333333333333333,0.3333333333333333,0.625,1.0,242.0,134.0,24.0,24.0,24.0,8.0,192.0,192.0,0.0,0.01637533718525474,0.009534258284230731,0.7487110311526861,0.006841082740557699,0.014460470993184914,1.0,train,1,38,2026-04-22T09:24:16.170702+00:00,,Stage 1,1,39,39,2026-04-22 09:24:16.170702+00:00
0.03510986120918619,0.05843960764404352,0.22950819672131148,0.5881147540983607,0.10245901639344263,0.04231751148241023,0.03411397345823575,0.05843960764404352,0.16393442622950818,0.22950819672131148,0.5881147540983607,0.024325634185807767,0.06557377049180328,0.014344262295081968,0.08114754098360656,0.021311475409836064,0.0,0.8711065573770492,0.006147540983606557,0.006079234972677597,0.0,0.004098360655737705,0.29508196721311475,0.2459016393442623,0.2459016393442623,0.16393442622950818,0.06967213114754098,0.0,0.004098360655737705,0.0294300945567303,0.6897546648979187,5.75,10.166666666666666,12.0,0.21311475409836064,0.2614044966471437,0.5,0.5,0.041666666666666664,0.041666666666666664,0.4583333333333333,0.625,0.4583333333333333,0.4166666666666667,0.4166666666666667,0.5416666666666666,1.0,244.0,112.0,24.0,24.0,24.0,8.0,192.0,192.0,0.0,0.024748688231089284,0.011926984281412192,0.6937345640201654,0.012821702901500183,0.023762100454480874,1.0,train,1,39,2026-04-22T09:28:02.597185+00:00,,Stage 1,1,40,40,2026-04-22 09:28:02.597185+00:00
-0.08354339348717905,0.30322663669375444,0.7016129032258065,0.7782258064516129,0.3959677419354839,0.013673196374572089,0.3101138109202625,0.30322663669375444,0.7379032258064516,0.7016129032258065,0.7782258064516129,-0.006887174226508092,-0.036290322580645164,-0.056451612903225805,0.39375000000000004,0.002217741935483872,0.0,0.8452620967741935,0.0967741935483871,0.005529953917050692,0.0,0.0,0.6814516129032258,0.7016129032258065,0.7016129032258065,0.25,0.028225806451612902,0.0,0.06451612903225806,-0.11582086797082616,0.8749679923057556,5.75,10.333333333333334,12.0,0.22580645161290322,0.44263575708061004,0.4583333333333333,0.5416666666666666,0.041666666666666664,0.041666666666666664,0.25,0.4166666666666667,0.3333333333333333,0.20833333333333334,0.20833333333333334,0.75,1.0,248.0,176.0,24.0,24.0,24.0,8.0,192.0,192.0,0.0,0.011201465756378391,0.001036187464540655,0.821010038595308,0.010165277856758208,0.017592210369409157,1.0,train,1,40,2026-04-22T09:32:03.559555+00:00,,Stage 1,1,41,41,2026-04-22 09:32:03.559555+00:00
-0.014332758978422677,0.18585996681981587,0.4716666666666666,0.59,0.27625,0.03662122598398334,0.18192253001985975,0.18585996681981587,0.46041666666666664,0.4716666666666666,0.59,0.00393743679995615,0.01125,0.01875,0.27837500000000004,-0.0021250000000000006,0.0,0.8262894736842106,0.04875,0.010049812030075189,0.0,0.01,,0.4825,0.4825,0.13,0.045,0.0,0.0325,,,,,,,,,,,,,,,,,,,,,,,,,,,,,,,,,,eval,1,40,2026-04-22T09:33:44.217725+00:00,400.0,Stage 1,1,42,42,2026-04-22 09:33:44.217725+00:00
0.015455418891991785,0.1620394318667976,0.49782608695652175,0.6239130434782608,0.26130434782608697,0.03318585367460048,0.1501086956521739,0.1620394318667976,0.43043478260869567,0.49782608695652175,0.6239130434782608,0.011930736214623682,0.06739130434782609,-0.08043478260869565,0.26130434782608697,-7.240584943207542e-19,0.0,0.8782608695652174,0.016304347826086956,0.002608695652173914,0.0,0.008695652173913044,0.4608695652173913,0.5260869565217391,0.5260869565217391,0.17391304347826086,0.0782608695652174,0.0,0.013043478260869565,-0.031221555408252322,0.8699638247489929,5.708333333333333,9.583333333333334,12.0,0.16521739130434782,0.3060720245168775,0.6666666666666666,0.3333333333333333,0.0,0.0,0.20833333333333334,0.5,0.25,0.20833333333333334,0.20833333333333334,0.7916666666666666,1.0,230.0,170.0,24.0,24.0,24.0,8.0,192.0,192.0,0.0,0.012297774456879672,0.003382581373786225,0.7484219282098553,0.008915193534860866,0.016597132142725603,1.0,train,1,41,2026-04-22T09:37:38.022974+00:00,,Stage 1,1,43,43,2026-04-22 09:37:38.022974+00:00
-0.03143999066610988,0.18728703378094455,0.5176991150442478,0.7123893805309734,0.30398230088495576,0.03575174974686948,0.1527051119971474,0.18728703378094455,0.5176991150442478,0.5176991150442478,0.7123893805309734,0.03458192178379718,0.0,-0.035398230088495575,0.27234513274336286,0.03163716814159292,0.0,0.8109987357774968,0.06637168141592921,0.002507374631268437,0.0,0.004424778761061947,0.48672566371681414,0.5176991150442478,0.5176991150442478,0.25663716814159293,0.04424778761061947,0.0,0.04424778761061947,-0.031774093026081016,0.8363125920295715,5.625,9.416666666666666,12.0,0.1504424778761062,0.570068426943427,0.6666666666666666,0.3333333333333333,0.041666666666666664,0.041666666666666664,0.25,0.4166666666666667,0.2916666666666667,0.20833333333333334,0.20833333333333334,0.75,1.0,226.0,154.0,24.0,24.0,24.0,8.0,192.0,192.0,0.0,0.013233661361328967,-0.001452053522134756,0.7765320264673853,0.014685714152052809,0.022512258376311597,1.0,train,1,42,2026-04-22T09:40:39.305661+00:00,,Stage 1,1,44,44,2026-04-22 09:40:39.305661+00:00
-0.09765953038578995,0.2568366870826644,0.6188340807174888,0.8699551569506726,0.3576233183856502,0.019726760453415693,0.2801542752215398,0.2568366870826644,0.6427503736920778,0.6188340807174888,0.8699551569506726,-0.023317588138875397,-0.023916292974588936,-4.978578585763034e-19,0.3641255605381166,-0.006502242152466364,0.0,0.878977151398676,0.11659192825112108,0.00208199871877002,0.0,0.004484304932735426,0.5695067264573991,0.6322869955156951,0.6322869955156951,0.16591928251121077,0.053811659192825115,0.0,0.08071748878923767,-4.950125655785804e-07,0.8549506068229675,5.75,9.291666666666666,12.0,0.13901345291479822,0.546451920084273,0.7083333333333334,0.2916666666666667,0.0,0.0,0.20833333333333334,0.4166666666666667,0.25,0.20833333333333334,0.20833333333333334,0.7916666666666666,1.0,223.0,163.0,24.0,24.0,24.0,8.0,192.0,192.0,0.0,0.017017342561593086,0.004604741930961609,0.7568449355159069,0.012412603736846028,0.020785006987524883,1.0,train,1,43,2026-04-22T09:44:15.977346+00:00,,Stage 1,1,45,45,2026-04-22 09:44:15.977346+00:00
-0.17720112893642306,0.15987345481500742,0.616822429906542,0.7967289719626168,0.3035046728971963,0.013032070885561816,0.16597449798384378,0.15987345481500742,0.6822429906542056,0.616822429906542,0.7967289719626168,-0.006101043168836348,-0.06542056074766354,0.02102803738317757,0.2654205607476635,0.03808411214953271,0.0,0.8223186470850022,0.18925233644859812,0.00408322207387628,0.0,0.004672897196261682,0.6261682242990654,0.6542056074766355,0.6542056074766355,0.2616822429906542,0.11214953271028037,0.0,0.1261682242990654,-0.054549548583470775,0.9390767812728882,5.541666666666667,8.916666666666666,12.0,0.102803738317757,0.5904935710395269,0.7916666666666666,0.20833333333333334,0.0,0.0,0.125,0.16666666666666666,0.125,0.125,0.125,0.875,1.0,214.0,178.0,24.0,24.0,24.0,8.0,192.0,192.0,0.0,0.011914782519086023,0.002776043364003803,0.7225742272069949,0.009138738930396153,0.0155170481435489,1.0,train,1,44,2026-04-22T09:47:50.036674+00:00,,Stage 1,1,46,46,2026-04-22 09:47:50.036674+00:00
-0.14465000500393535,0.14315704801984633,0.6098654708520179,0.7757847533632287,0.28408071748878927,0.004829388547207069,0.14927041070538827,0.14315704801984633,0.6412556053811659,0.6098654708520179,0.7757847533632287,-0.0061133626855419485,-0.03139013452914798,-0.053811659192825115,0.31793721973094174,-0.03385650224215247,0.0,0.7664531283365364,0.14798206278026907,0.018716634635917148,0.0,0.0,0.4484304932735426,0.6098654708520179,0.6098654708520179,0.15246636771300448,0.06726457399103139,0.0,0.09865470852017937,9.470255920170668e-08,0.8549507856369019,5.875,9.291666666666666,12.0,0.13901345291479822,0.7942008177008177,0.7083333333333334,0.2916666666666667,0.0,0.0,0.20833333333333334,0.2916666666666667,0.25,0.20833333333333334,0.20833333333333334,0.7916666666666666,1.0,223.0,163.0,24.0,24.0,24.0,8.0,192.0,192.0,0.0,0.011527214119313685,0.0019006264036052797,0.7766363113615776,0.009626590020451676,0.01796792067678596,1.0,train,1,45,2026-04-22T09:51:16.363615+00:00,,Stage 1,1,47,47,2026-04-22 09:51:16.363615+00:00
-0.18129132983432641,0.2725193872290875,0.6636771300448431,0.7713004484304933,0.3522421524663677,0.0011660692688126148,0.2625473144541853,0.2725193872290875,0.7668161434977578,0.6636771300448431,0.7713004484304933,0.009972072774902193,-0.1031390134529148,-0.03139013452914798,0.37152466367713,-0.019282511210762333,0.0,0.8323617339312407,0.18161434977578475,0.002690582959641255,0.0,0.004484304932735426,0.6502242152466368,0.6681614349775785,0.6681614349775785,0.30493273542600896,0.017937219730941704,0.0,0.13452914798206278,-0.06440310490488872,0.9050663113594055,5.333333333333333,9.291666666666666,12.0,0.13901345291479822,0.6589569203944204,0.75,0.25,0.041666666666666664,0.041666666666666664,0.16666666666666666,0.2916666666666667,0.16666666666666666,0.125,0.125,0.8333333333333334,1.0,223.0,175.0,24.0,24.0,24.0,8.0,192.0,192.0,0.0,0.013656790384224482,0.0014443523809313775,0.7953440141411764,0.012212437549044677,0.0192449712365985,1.0,train,1,46,2026-04-22T09:54:42.997591+00:00,,Stage 1,1,48,48,2026-04-22 09:54:42.997591+00:00
-0.12359105567786123,0.12716324414972074,0.6064814814814815,0.8101851851851852,0.2701388888888889,0.04390629881949327,0.10561401723682425,0.12716324414972074,0.5740740740740741,0.6064814814814815,0.8101851851851852,0.021549226912896506,0.032407407407407406,-0.004629629629629629,0.24814814814814815,0.02199074074074074,0.0,0.832962228101117,0.16666666666666666,0.0022817460317460327,0.0,0.004629629629629629,0.6018518518518519,0.6064814814814815,0.6064814814814815,0.22685185185185186,0.14351851851851852,0.0,0.1111111111111111,-7.79551488381845e-08,0.9128698110580444,5.75,9.0,12.0,0.1111111111111111,0.7820438912938913,0.75,0.25,0.0,0.0,0.125,0.2916666666666667,0.16666666666666666,0.125,0.125,0.875,1.0,216.0,180.0,24.0,24.0,24.0,8.0,192.0,192.0,0.0,0.015222696132130092,0.005263304296467039,0.8105257323218716,0.009959392972955863,0.01676964266380633,1.0,train,1,47,2026-04-22T09:58:12.175625+00:00,,Stage 1,1,49,49,2026-04-22 09:58:12.175625+00:00
-0.08041716891905595,0.18554273211027505,0.5376106194690266,0.7345132743362832,0.28473451327433624,0.025337993322831952,0.16759458945820216,0.18554273211027505,0.5707964601769911,0.5376106194690266,0.7345132743362832,0.017948142652072896,-0.033185840707964605,0.0,0.2940265486725664,-0.00929203539823009,0.0,0.8324483775811209,0.10287610619469026,0.005014749262536874,0.0,0.017699115044247787,0.47345132743362833,0.5398230088495575,0.5398230088495575,0.18584070796460178,0.035398230088495575,0.0,0.07079646017699115,-0.031773948126866076,0.8363134264945984,6.0,9.416666666666666,12.0,0.1504424778761062,0.47878085388195685,0.7083333333333334,0.2916666666666667,0.0,0.0,0.25,0.4583333333333333,0.25,0.25,0.25,0.75,1.0,226.0,154.0,24.0,24.0,24.0,8.0,192.0,192.0,0.0,0.011158063130864463,0.0013784646818583662,0.7893858717802864,0.009779600625698584,0.016600739510184436,1.0,train,1,48,2026-04-22T10:01:35.494845+00:00,,Stage 1,1,50,50,2026-04-22 10:01:35.494845+00:00
-0.0640459498074368,0.22921412334754926,0.6695278969957081,0.7553648068669528,0.3675965665236052,0.014305981523035301,0.2390594622354279,0.22921412334754926,0.6909871244635193,0.6695278969957081,0.7553648068669528,-0.009845338887878651,-0.02145922746781116,-0.055793991416309016,0.3982832618025751,-0.030686695278969958,0.0,0.8281115879828326,0.07725321888412018,0.006223175965665238,0.0,0.004291845493562232,0.630901287553648,0.6695278969957081,0.6695278969957081,0.2317596566523605,0.030042918454935622,0.0,0.05150214592274678,-0.030819808880402807,0.9008227586746216,5.458333333333333,9.708333333333334,12.0,0.1759656652360515,0.6895249766573296,0.6666666666666666,0.3333333333333333,0.0,0.0,0.16666666666666666,0.4166666666666667,0.2916666666666667,0.16666666666666666,0.16666666666666666,0.8333333333333334,1.0,233.0,185.0,24.0,24.0,24.0,8.0,192.0,192.0,0.0,0.012554121500736959,0.0007841255213763263,0.7128094080332164,0.011769997281963525,0.020547745131200498,1.0,train,1,49,2026-04-22T10:05:11.848078+00:00,,Stage 1,1,51,51,2026-04-22 10:05:11.848078+00:00
-0.16664004230065108,0.20993750607987363,0.6266375545851528,0.7794759825327511,0.3115720524017467,-0.018340187861058645,0.2457327602764081,0.20993750607987363,0.7030567685589519,0.6266375545851528,0.7794759825327511,-0.035795254196534496,-0.07641921397379912,-0.05895196506550218,0.37379912663755455,-0.06222707423580786,0.0,0.8092118943647327,0.14737991266375547,0.011499272197962157,0.0,0.0,0.5895196506550219,0.62882096069869,0.62882096069869,0.22270742358078602,0.021834061135371178,0.0,0.10043668122270742,7.483115883373277e-10,0.9382559657096863,6.333333333333333,9.541666666666666,12.0,0.1615720524017467,0.9387467282853312,0.7083333333333334,0.2916666666666667,0.0,0.0,0.125,0.2916666666666667,0.16666666666666666,0.125,0.125,0.875,1.0,229.0,193.0,24.0,24.0,24.0,8.0,192.0,192.0,0.0,0.016563032826148166,0.007168246442789858,0.7767326534566484,0.009394786562687808,0.01574451716218991,1.0,train,1,50,2026-04-22T10:09:02.259859+00:00,,Stage 1,1,52,52,2026-04-22 10:09:02.259859+00:00
-0.1593143639758934,0.2095144139314418,0.598,0.728,0.341,-0.004581030642560049,0.21625396825396825,0.2095144139314418,0.648,0.598,0.728,-0.006739554322526458,-0.05,-0.096,0.378,-0.037,0.0,0.8141809523809523,0.153,0.021666666666666667,0.0,0.0,0.544,0.612,0.612,0.192,0.052,0.0,0.104,2.478063106536865e-07,0.8356894850730896,5.791666666666667,10.416666666666666,12.0,0.232,0.4192922431598902,0.5,0.5,0.08333333333333333,0.08333333333333333,0.2916666666666667,0.4166666666666667,0.375,0.20833333333333334,0.20833333333333334,0.7083333333333334,1.0,250.0,166.0,24.0,24.0,24.0,8.0,192.0,192.0,0.0,0.004295027399637613,-0.004029918664011611,0.7053099353853838,0.008324947561691096,0.015386188107311223,1.0,train,1,51,2026-04-22T10:13:17.782676+00:00,,Stage 1,1,53,53,2026-04-22 10:13:17.782676+00:00
-0.08630022284242232,0.15541371577177204,0.5990338164251208,0.7657004830917874,0.27222222222222225,0.037722781528408134,0.14036647732299906,0.15541371577177204,0.5458937198067633,0.5990338164251208,0.7657004830917874,0.015047238448772976,0.05314009661835749,-0.050724637681159424,0.24516908212560387,0.02705314009661836,0.0,0.8210144927536231,0.12318840579710146,0.001978375891419371,0.0,0.004830917874396135,0.5458937198067633,0.6038647342995169,0.6038647342995169,0.2995169082125604,0.13526570048309178,0.0,0.08695652173913043,1.5369072052591664e-08,0.9088931679725647,6.166666666666667,8.625,12.0,0.07246376811594203,0.6700205733808674,0.875,0.125,0.0,0.0,0.125,0.2916666666666667,0.125,0.125,0.125,0.875,1.0,207.0,171.0,24.0,24.0,24.0,8.0,192.0,192.0,0.0,0.021029076076041885,0.008793089952733781,0.7778749419321791,0.012235986716277375,0.02148062948273684,1.0,train,1,52,2026-04-22T10:16:25.265987+00:00,,Stage 1,1,54,54,2026-04-22 10:16:25.265987+00:00
-0.12768750421218453,0.20564528421877998,0.6543478260869565,0.8130434782608695,0.3430434782608696,0.010006905725703688,0.1891511387163561,0.20564528421877998,0.6956521739130435,0.6543478260869565,0.8130434782608695,0.01649414550242387,-0.041304347826086954,-0.08260869565217391,0.36086956521739133,-0.017826086956521738,0.0,0.8562111801242236,0.13695652173913042,0.0016149068322981372,0.0,0.004347826086956522,0.6043478260869565,0.6565217391304348,0.6565217391304348,0.30869565217391304,0.05217391304347826,0.0,0.09130434782608696,-0.062443009342836295,0.8789750933647156,5.958333333333333,9.583333333333334,12.0,0.16521739130434782,0.555548079915727,0.6666666666666666,0.3333333333333333,0.041666666666666664,0.041666666666666664,0.20833333333333334,0.2916666666666667,0.20833333333333334,0.16666666666666666,0.16666666666666666,0.7916666666666666,1.0,230.0,170.0,24.0,24.0,24.0,8.0,192.0,192.0,0.0,0.019915870160740964,0.007346337200964198,0.789360439207624,0.012569531739962472,0.01992612378546804,1.0,train,1,53,2026-04-22T10:19:54.367086+00:00,,Stage 1,1,55,55,2026-04-22 10:19:54.367086+00:00
-0.028135497304982597,0.16651403045269142,0.6020833333333333,0.73125,0.2597916666666667,0.02902005825057296,0.14973975435469242,0.16651403045269142,0.575,0.6020833333333333,0.73125,0.01677427609799901,0.027083333333333334,-0.052083333333333336,0.23583333333333334,0.023958333333333335,0.0,0.8388888888888889,0.05625,0.004027777777777778,0.0,0.004166666666666667,0.5833333333333334,0.6041666666666666,0.6041666666666666,0.22916666666666666,0.06666666666666667,0.0,0.0375,-0.029920704010874034,0.7854987382888794,6.083333333333333,10.0,12.0,0.2,0.280968078898226,0.5833333333333334,0.4166666666666667,0.041666666666666664,0.041666666666666664,0.3333333333333333,0.5,0.4166666666666667,0.2916666666666667,0.2916666666666667,0.6666666666666666,1.0,240.0,144.0,24.0,24.0,24.0,8.0,192.0,192.0,0.0,0.016433767715675965,0.006412898500760396,0.6988212391734123,0.01002087068452637,0.01967917386310521,1.0,train,1,54,2026-04-22T10:23:45.863765+00:00,,Stage 1,1,56,56,2026-04-22 10:23:45.863765+00:00
-0.09124035069908353,0.19660011715272144,0.513215859030837,0.6629955947136564,0.286784140969163,-0.0013636987167046706,0.20494187009373654,0.19660011715272144,0.5462555066079295,0.513215859030837,0.6629955947136564,-0.00834175294101509,-0.03303964757709251,-0.07709251101321586,0.3174008810572687,-0.030616740088105728,0.0,0.8349486049926579,0.08920704845814978,0.0006607929515418501,0.0,0.004405286343612335,0.4713656387665198,0.5154185022026432,0.5154185022026432,0.20704845814977973,0.02643171806167401,0.0,0.06167400881057269,-0.031634132439344466,0.8371073603630066,5.958333333333333,9.458333333333334,12.0,0.15418502202643172,0.6785359600911072,0.75,0.25,0.041666666666666664,0.041666666666666664,0.25,0.4166666666666667,0.2916666666666667,0.20833333333333334,0.20833333333333334,0.75,1.0,227.0,155.0,24.0,24.0,24.0,8.0,192.0,192.0,0.0,0.023679657905332503,0.009027875190781008,0.7547090097300468,0.014651784042061697,0.022402260296980867,1.0,train,1,55,2026-04-22T10:27:02.560586+00:00,,Stage 1,1,57,57,2026-04-22 10:27:02.560586+00:00
-0.09665321708345842,0.2618991484187563,0.5982905982905983,0.7435897435897436,0.3438034188034188,0.02043591600567468,0.23381767804844727,0.2618991484187563,0.6709401709401709,0.5982905982905983,0.7435897435897436,0.02808147037030898,-0.07264957264957266,-0.01282051282051282,0.32628205128205123,0.017521367521367525,0.0,0.8102055352055352,0.11538461538461539,0.01382783882783883,0.0,0.004273504273504274,0.6196581196581197,0.5982905982905983,0.5982905982905983,0.20512820512820512,0.004273504273504274,0.0,0.07692307692307693,-0.06137559855850334,0.8516269326210022,5.916666666666667,9.75,12.0,0.1794871794871795,0.6989046717171717,0.7083333333333334,0.2916666666666667,0.0,0.0,0.25,0.375,0.25,0.25,0.25,0.75,1.0,234.0,162.0,24.0,24.0,24.0,8.0,192.0,192.0,0.0,0.017385853661431208,0.004854469295637107,0.6992747324668331,0.012531385019103232,0.02293178743176057,1.0,train,1,56,2026-04-22T10:30:24.889883+00:00,,Stage 1,1,58,58,2026-04-22 10:30:24.889883+00:00
-0.0172657509558681,0.2174235303441435,0.597457627118644,0.6652542372881356,0.3286016949152542,0.021480011755996304,0.21748728174451004,0.2174235303441435,0.576271186440678,0.597457627118644,0.6652542372881356,-6.375140036655465e-05,0.0211864406779661,-0.08050847457627118,0.3432203389830508,-0.01461864406779661,0.0,0.9153248587570622,0.038135593220338986,0.00021186440677966096,0.0,0.00423728813559322,0.5550847457627118,0.597457627118644,0.597457627118644,0.1440677966101695,0.046610169491525424,0.0,0.025423728813559324,-0.03042780134384915,0.8043126463890076,5.5,9.833333333333334,12.0,0.1864406779661017,0.46511300505050507,0.5416666666666666,0.4583333333333333,0.08333333333333333,0.08333333333333333,0.3333333333333333,0.4166666666666667,0.3333333333333333,0.25,0.25,0.6666666666666666,1.0,236.0,140.0,24.0,24.0,24.0,8.0,192.0,192.0,0.0,0.016023010654108865,0.0055412830518824716,0.7443861133818116,0.01048173036953293,0.018015034683916575,1.0,train,1,57,2026-04-22T10:33:58.296519+00:00,,Stage 1,1,59,59,2026-04-22 10:33:58.296519+00:00
-0.041188831126856326,0.23217954023281573,0.773109243697479,0.8991596638655462,0.37857142857142856,0.04716411004961426,0.18822710556001396,0.23217954023281573,0.773109243697479,0.773109243697479,0.8991596638655462,0.043952434672801764,0.0,-0.03361344537815126,0.3546218487394958,0.023949579831932775,0.0,0.911344537815126,0.08823529411764706,0.001470588235294118,0.0,0.0,0.7563025210084033,0.773109243697479,0.773109243697479,0.22268907563025211,0.058823529411764705,0.0,0.058823529411764705,-0.03017205375583232,0.8368475437164307,5.541666666666667,9.916666666666666,12.0,0.19327731092436976,0.6276319893341952,0.5833333333333334,0.4166666666666667,0.041666666666666664,0.041666666666666664,0.2916666666666667,0.3333333333333333,0.2916666666666667,0.25,0.25,0.7083333333333334,1.0,238.0,154.0,24.0,24.0,24.0,8.0,192.0,192.0,0.0,0.0072293922111585545,-0.0019539293724221067,0.7574801691747332,0.009183322686998532,0.014962936897888494,1.0,train,1,58,2026-04-22T10:38:14.549598+00:00,,Stage 1,1,60,60,2026-04-22 10:38:14.549598+00:00
-0.1276926450642684,0.16640283893502777,0.6223175965665236,0.7982832618025751,0.3002145922746781,0.009417512303399708,0.18267480226581462,0.16640283893502777,0.6609442060085837,0.6223175965665236,0.7982832618025751,-0.016271963330786857,-0.03862660944206009,-0.012875536480686695,0.3214592274678112,-0.021244635193133053,0.0,0.8421622726343757,0.1351931330472103,0.008941344778254652,0.0,0.008583690987124463,0.5836909871244635,0.6351931330472103,0.6351931330472103,0.1459227467811159,0.055793991416309016,0.0,0.09012875536480687,5.1546506104039535e-08,0.8910616636276245,5.833333333333333,9.708333333333334,12.0,0.1759656652360515,0.6082624007936508,0.6666666666666666,0.3333333333333333,0.0,0.0,0.16666666666666666,0.3333333333333333,0.25,0.16666666666666666,0.16666666666666666,0.8333333333333334,0.9583333333333334,233.0,185.0,24.0,24.0,24.0,8.0,192.0,192.0,0.0,0.014253046383728853,0.0032258408295141685,0.7352870051119779,0.01102720126309086,0.01807528701789965,1.0,train,1,59,2026-04-22T10:41:53.823339+00:00,,Stage 1,1,61,61,2026-04-22 10:41:53.823339+00:00
-0.041445578662441404,0.2184622305416939,0.5377777777777778,0.7844444444444445,0.29555555555555557,0.020581088004225263,0.2407927007060134,0.2184622305416939,0.5377777777777778,0.5377777777777778,0.7844444444444445,-0.022330470164319494,0.0,-0.0022222222222222222,0.3075555555555556,-0.012,0.0,0.872021164021164,0.06,0.002,0.0,0.013333333333333334,0.5155555555555555,0.5377777777777778,0.5377777777777778,0.07555555555555556,0.04,0.0,0.04,-0.031915375855233935,0.8029597401618958,5.5,9.375,12.0,0.14666666666666667,0.4717230392156863,0.6666666666666666,0.3333333333333333,0.0,0.0,0.2916666666666667,0.5,0.3333333333333333,0.2916666666666667,0.2916666666666667,0.7083333333333334,1.0,225.0,141.0,24.0,24.0,24.0,8.0,192.0,192.0,0.0,0.012202055900232166,0.0010080014665921528,0.8149152592035895,0.011194057145508102,0.01689767128810693,1.0,train,1,60,2026-04-22T10:45:05.649811+00:00,,Stage 1,1,62,62,2026-04-22 10:45:05.649811+00:00
-0.011301286635620997,0.19010587741721643,0.4641666666666666,0.5975,0.281125,0.03812217201099554,0.18192253001985975,0.19010587741721643,0.46041666666666664,0.4641666666666666,0.5975,0.008183347397356685,0.00375,0.02625,0.27837500000000004,0.00275,0.0,0.8514785923141186,0.04875,0.004043233082706768,0.0,0.0025,,0.475,0.475,0.135,0.0375,0.0,0.0325,,,,,,,,,,,,,,,,,,,,,,,,,,,,,,,,,,eval,1,60,2026-04-22T10:46:46.050158+00:00,400.0,Stage 1,1,63,63,2026-04-22 10:46:46.050158+00:00
-0.047371863529617544,0.2320870542891169,0.5541125541125541,0.7337662337662337,0.3225108225108225,0.03740735724960324,0.24187174869947978,0.2320870542891169,0.5324675324675324,0.5541125541125541,0.7337662337662337,-0.009784694410362857,0.021645021645021644,0.010822510822510822,0.31883116883116885,0.0036796536796536807,0.0,0.8652236652236652,0.08441558441558442,0.004545454545454547,0.0,0.0,0.5757575757575758,0.5627705627705628,0.5627705627705628,0.16883116883116883,0.08658008658008658,0.0,0.05627705627705628,-0.06217268896309328,0.8183537721633911,5.625,9.625,12.0,0.16883116883116883,0.4445497587924059,0.6666666666666666,0.3333333333333333,0.041666666666666664,0.041666666666666664,0.2916666666666667,0.4166666666666667,0.2916666666666667,0.25,0.25,0.7083333333333334,1.0,231.0,147.0,24.0,24.0,24.0,8.0,192.0,192.0,0.0,0.013106498588510112,-0.0023031942292946537,0.7679971835645688,0.015409694517687485,0.024356965882872533,1.0,train,1,61,2026-04-22T10:50:14.246227+00:00,,Stage 1,1,64,64,2026-04-22 10:50:14.246227+00:00
0.037751259819409036,0.16618434402735544,0.6991869918699187,0.7764227642276422,0.3016260162601626,0.06253678053175901,0.15394591858006493,0.16618434402735544,0.6097560975609756,0.6991869918699187,0.7764227642276422,0.01223842544729051,0.08943089430894309,0.0040650406504065045,0.2869918699186992,0.014634146341463415,0.0,0.8531407278358498,0.024390243902439025,0.004940960123886955,0.0,0.0,0.6747967479674797,0.7032520325203252,0.7032520325203252,0.18699186991869918,0.10975609756097561,0.0,0.016260162601626018,-0.029190474424541483,0.8216753602027893,5.0,10.25,12.0,0.21951219512195122,0.36083326858326853,0.5416666666666666,0.4583333333333333,0.08333333333333333,0.08333333333333333,0.2916666666666667,0.4166666666666667,0.3333333333333333,0.20833333333333334,0.20833333333333334,0.7083333333333334,1.0,246.0,162.0,24.0,24.0,24.0,8.0,192.0,192.0,0.0,0.017266779034226028,0.0027405353044562134,0.7471927314088392,0.014526240976440223,0.023581982598313143,1.0,train,1,62,2026-04-22T10:54:07.727585+00:00,,Stage 1,1,65,65,2026-04-22 10:54:07.727585+00:00
0.00627780739433755,0.13008081776255936,0.5253164556962026,0.6497890295358649,0.21181434599156118,0.07375339509777336,0.08844685553546314,0.13008081776255936,0.4430379746835443,0.5253164556962026,0.6497890295358649,0.04163396222709622,0.08227848101265822,0.05485232067510549,0.19873417721518988,0.013080168776371305,0.0,0.8149688567410087,0.06645569620253164,0.005364677516576251,0.0,0.004219409282700422,0.5569620253164557,0.5611814345991561,0.5611814345991561,0.25738396624472576,0.16033755274261605,0.0,0.05907172995780591,-1.6193223904959763e-06,0.9209221005439758,6.375,9.875,12.0,0.189873417721519,0.47923271935036643,0.5833333333333334,0.4166666666666667,0.0,0.0,0.125,0.2916666666666667,0.2916666666666667,0.125,0.125,0.875,1.0,237.0,201.0,24.0,24.0,24.0,8.0,192.0,192.0,0.0,0.017477052314067956,0.0017467097411701334,0.7684801346182231,0.01573034165588282,0.02553130497000776,1.0,train,1,63,2026-04-22T10:58:12.705361+00:00,,Stage 1,1,66,66,2026-04-22 10:58:12.705361+00:00
-0.14212546141886173,0.1699213796850284,0.4268292682926829,0.6260162601626016,0.23678861788617886,-0.007561775782005336,0.17703730653968516,0.1699213796850284,0.5040650406504065,0.4268292682926829,0.6260162601626016,-0.007115926854656749,-0.07723577235772358,-0.024390243902439025,0.2658536585365854,-0.029065040650406507,0.0,0.8707607433217189,0.13414634146341464,0.00521680216802168,0.0,0.0,0.4796747967479675,0.4268292682926829,0.4268292682926829,0.052845528455284556,0.012195121951219513,0.0,0.08943089430894309,-0.10519855578498143,0.7622312307357788,5.541666666666667,10.25,12.0,0.21951219512195122,0.43869362745098034,0.4583333333333333,0.5416666666666666,0.041666666666666664,0.041666666666666664,0.4166666666666667,0.7083333333333334,0.5,0.375,0.375,0.5833333333333334,1.0,246.0,126.0,24.0,24.0,24.0,8.0,192.0,192.0,0.0,0.016245981796629845,0.004467303909006573,0.7508539059568965,0.011778680094786458,0.019702240664448135,1.0,train,1,64,2026-04-22T11:01:56.744816+00:00,,Stage 1,1,67,67,2026-04-22 11:01:56.744816+00:00
-0.09972353536556322,0.25768174927475074,0.5614035087719298,0.6644736842105263,0.3460526315789474,0.009296932470694082,0.3026990553306343,0.25768174927475074,0.5614035087719298,0.5614035087719298,0.6644736842105263,-0.045017306055883534,0.0,-0.03728070175438596,0.36140350877192984,-0.015350877192982454,0.0,0.8352443609022556,0.10855263157894737,0.0058479532163742695,0.0,0.0,0.4868421052631579,0.5745614035087719,0.5745614035087719,0.17105263157894737,0.07894736842105263,0.0,0.08333333333333333,-0.06299077562595669,0.8473115563392639,6.166666666666667,9.5,12.0,0.15789473684210525,0.6944239672364673,0.7083333333333334,0.2916666666666667,0.0,0.0,0.25,0.2916666666666667,0.2916666666666667,0.25,0.25,0.75,1.0,228.0,156.0,24.0,24.0,24.0,8.0,192.0,192.0,0.0,0.03627031430219992,0.014082414790605888,0.7173913677151387,0.02218790035571298,0.03497476339223749,1.0,train,1,65,2026-04-22T11:05:15.708099+00:00,,Stage 1,1,68,68,2026-04-22 11:05:15.708099+00:00
-0.07268385506982217,0.12533825637639198,0.4788135593220339,0.6991525423728814,0.21101694915254235,0.02967449844107372,0.11214488402923098,0.12533825637639198,0.4576271186440678,0.4788135593220339,0.6991525423728814,0.01319337234716098,0.0211864406779661,-0.012711864406779662,0.18728813559322036,0.02372881355932203,0.0,0.910048426150121,0.1016949152542373,0.0008777239709443104,0.0,0.00423728813559322,0.5466101694915254,0.4872881355932203,0.4872881355932203,0.17372881355932204,0.09745762711864407,0.0,0.06779661016949153,-0.03042781630815086,0.7813462615013123,5.541666666666667,9.833333333333334,12.0,0.1864406779661017,0.44162918331668327,0.5416666666666666,0.4583333333333333,0.041666666666666664,0.041666666666666664,0.3333333333333333,0.5416666666666666,0.3333333333333333,0.2916666666666667,0.2916666666666667,0.6666666666666666,1.0,236.0,140.0,24.0,24.0,24.0,8.0,192.0,192.0,0.0,0.027132246643304825,0.01055138771023069,0.735769587968077,0.016580857216415876,0.027306852208027595,1.0,train,1,66,2026-04-22T11:08:49.432496+00:00,,Stage 1,1,69,69,2026-04-22 11:08:49.432496+00:00
-0.03069980188162006,0.21945522010457075,0.6190476190476191,0.8658008658008658,0.33203463203463207,0.04217342013445909,0.19243243528957812,0.21945522010457075,0.6233766233766234,0.6190476190476191,0.8658008658008658,0.027022784814992606,-0.004329004329004329,0.0,0.2883116883116883,0.04372294372294372,0.0,0.8678932178932178,0.07142857142857142,0.0029066171923314782,0.0,0.008658008658008658,0.6147186147186147,0.6190476190476191,0.6190476190476191,0.30735930735930733,0.04329004329004329,0.0,0.047619047619047616,-4.0123472998152565e-08,0.8296452760696411,4.916666666666667,9.625,12.0,0.16883116883116883,0.4704078282828283,0.6666666666666666,0.3333333333333333,0.041666666666666664,0.041666666666666664,0.25,0.5,0.3333333333333333,0.20833333333333334,0.20833333333333334,0.75,1.0,231.0,159.0,24.0,24.0,24.0,8.0,192.0,192.0,0.0,0.016992354121223185,-0.0004349385136328403,0.7548353940529643,0.017427294496677483,0.025203063166982845,1.0,train,1,67,2026-04-22T11:12:07.422780+00:00,,Stage 1,1,70,70,2026-04-22 11:12:07.422780+00:00
-0.12666745338580782,0.3089480315746138,0.5654008438818565,0.7552742616033755,0.39746835443037976,0.026131421438383467,0.2934789345182417,0.3089480315746138,0.6118143459915611,0.5654008438818565,0.7552742616033755,0.015469097056372207,-0.046413502109704644,-0.02531645569620253,0.3810126582278481,0.016455696202531647,0.0,0.8312638135422946,0.1518987341772152,0.0038677918424753874,0.0,0.004219409282700422,0.6160337552742616,0.5654008438818565,0.5654008438818565,0.20253164556962025,0.05485232067510549,0.0,0.10126582278481013,-0.07260270014342377,0.811293363571167,6.333333333333333,9.875,12.0,0.189873417721519,0.5523067384004884,0.5833333333333334,0.4166666666666667,0.0,0.0,0.375,0.5416666666666666,0.4583333333333333,0.375,0.375,0.625,1.0,237.0,129.0,24.0,24.0,24.0,8.0,192.0,192.0,0.0,0.01519026797871257,-0.007066666733386905,0.7612977738297263,0.02225693668519183,0.03467011966235587,1.0,train,1,68,2026-04-22T11:15:33.940144+00:00,,Stage 1,1,71,71,2026-04-22 11:15:33.940144+00:00
-0.012592720269926147,0.31152322372330116,0.8541666666666666,0.95,0.48125,0.050490613063407186,0.27262248759152785,0.31152322372330116,0.8833333333333333,0.8541666666666666,0.95,0.038900736131773285,-0.029166666666666667,-0.016666666666666666,0.46416666666666667,0.017083333333333332,0.0,0.9433333333333334,0.0625,0.0,0.0,0.004166666666666667,0.8625,0.8541666666666666,0.8541666666666666,0.2375,0.0125,0.0,0.041666666666666664,-0.059841228649020195,0.7295400500297546,5.708333333333333,10.0,12.0,0.2,0.5873880718954249,0.5833333333333334,0.4166666666666667,0.041666666666666664,0.041666666666666664,0.4166666666666667,0.5,0.4583333333333333,0.375,0.375,0.5833333333333334,1.0,240.0,120.0,24.0,24.0,24.0,8.0,192.0,192.0,0.0,0.020238853245973586,0.00209320808450381,0.7408743945260843,0.01814564142027848,0.026952464578518933,1.0,train,1,69,2026-04-22T11:18:32.555263+00:00,,Stage 1,1,72,72,2026-04-22 11:18:32.555263+00:00
-0.020757429215253847,0.20095487843056337,0.6674528301886793,0.8584905660377359,0.33561320754716983,0.037733136822482,0.21591981132075472,0.20095487843056337,0.6415094339622641,0.6674528301886793,0.8584905660377359,-0.014964932890191376,0.025943396226415096,0.009433962264150943,0.3358490566037736,-0.00023584905660377145,0.0,0.8595125786163522,0.05660377358490566,0.007075471698113209,0.0,0.009433962264150943,0.6367924528301887,0.6698113207547169,0.6698113207547169,0.19811320754716982,0.0660377358490566,0.0,0.03773584905660377,7.028849619739461e-10,0.9416963458061218,5.5,8.833333333333334,12.0,0.09433962264150944,0.6109117063492063,0.8333333333333334,0.16666666666666666,0.0,0.0,0.08333333333333333,0.3333333333333333,0.16666666666666666,0.08333333333333333,0.08333333333333333,0.9166666666666666,1.0,212.0,188.0,24.0,24.0,24.0,8.0,192.0,192.0,0.0,0.02811507928244611,0.005681271327936903,0.8065415360033512,0.022433808132712115,0.031031930813913994,1.0,train,1,70,2026-04-22T11:21:52.706468+00:00,,Stage 1,1,73,73,2026-04-22 11:21:52.706468+00:00
-0.09595109826533973,0.23235360090093674,0.6929824561403509,0.7609649122807017,0.3785087719298246,0.016568534149029514,0.2473856209150327,0.23235360090093674,0.7368421052631579,0.6929824561403509,0.7609649122807017,-0.015032020014095947,-0.043859649122807015,-0.010964912280701754,0.4026315789473684,-0.02412280701754386,0.0,0.8711431356168199,0.1118421052631579,0.0007936507936507942,0.0,0.0043859649122807015,0.6140350877192983,0.6929824561403509,0.6929824561403509,0.2894736842105263,0.03070175438596491,0.0,0.07456140350877193,1.8953231343051844e-09,0.8271690607070923,5.625,9.5,12.0,0.15789473684210525,0.6526310582799554,0.625,0.375,0.08333333333333333,0.08333333333333333,0.25,0.375,0.2916666666666667,0.16666666666666666,0.16666666666666666,0.75,1.0,228.0,156.0,24.0,24.0,24.0,8.0,192.0,192.0,0.0,0.031335410518715016,0.008135968043158451,0.7785741001582489,0.023199442927756164,0.033379458429147475,1.0,train,1,71,2026-04-22T11:25:23.564891+00:00,,Stage 1,1,74,74,2026-04-22 11:25:23.564891+00:00
-0.06706366320624875,0.20768624067103156,0.5836501901140685,0.6958174904942965,0.3064638783269962,0.012832769891705256,0.2140398680322635,0.20768624067103156,0.6349809885931559,0.5836501901140685,0.6958174904942965,-0.006353627361231923,-0.051330798479087454,0.0,0.314638783269962,-0.008174904942965779,0.0,0.8962973021908384,0.07984790874524715,0.000606554408835778,0.0,0.0,0.5437262357414449,0.596958174904943,0.596958174904943,0.12927756653992395,0.0038022813688212928,0.0,0.053231939163498096,-0.054607938847614335,0.6943820714950562,6.708333333333333,10.958333333333334,12.0,0.26996197718631176,0.20931169756169754,0.2916666666666667,0.7083333333333334,0.0,0.0,0.5,0.5833333333333334,0.5416666666666666,0.5,0.5,0.5,1.0,263.0,119.0,24.0,24.0,24.0,8.0,192.0,192.0,0.0,0.02240568073857732,0.0008664373464944984,0.6463874735626853,0.02153924098267086,0.039620300746141306,1.0,train,1,72,2026-04-22T11:29:07.186277+00:00,,Stage 1,1,75,75,2026-04-22 11:29:07.186277+00:00
-0.1486947197423388,0.22654611702230748,0.6507936507936508,0.8095238095238095,0.3547619047619048,-0.028535989583608628,0.24963581392152823,0.22654611702230748,0.7301587301587301,0.6507936507936508,0.8095238095238095,-0.02308969689922071,-0.07936507936507936,-0.14285714285714285,0.36428571428571427,-0.009523809523809521,0.0,0.8931358654572941,0.11904761904761904,0.0,0.0,0.007936507936507936,0.6150793650793651,0.6507936507936508,0.6507936507936508,0.07142857142857142,0.0,0.0,0.07936507936507936,-0.07419801290546145,0.685904860496521,5.833333333333333,10.5,12.0,0.23809523809523808,0.39053668091168087,0.375,0.625,0.041666666666666664,0.041666666666666664,0.5416666666666666,0.625,0.5833333333333334,0.5,0.5,0.4583333333333333,1.0,252.0,96.0,24.0,24.0,24.0,8.0,192.0,192.0,0.0,0.025557739815364282,0.005573490945001443,0.740555795840919,0.01998424915260936,0.029336954462630675,1.0,train,1,73,2026-04-22T11:32:31.373577+00:00,,Stage 1,1,76,76,2026-04-22 11:32:31.373577+00:00
0.036135180884475,0.18482591460826753,0.472,0.644,0.2532,0.06635918088447501,0.14693333333333333,0.18482591460826753,0.392,0.472,0.644,0.037892581274934216,0.08,0.012,0.2088,0.0444,0.0,0.8764,0.03,0.0028,0.0,0.0,0.456,0.496,0.496,0.216,0.1,0.0,0.02,-0.05744754648208618,0.63802570104599,6.25,10.416666666666666,12.0,0.232,0.2862387566137566,0.4166666666666667,0.5833333333333334,0.041666666666666664,0.041666666666666664,0.5416666666666666,0.5833333333333334,0.5416666666666666,0.5,0.5,0.4583333333333333,1.0,250.0,94.0,24.0,24.0,24.0,8.0,192.0,192.0,0.0,0.04366485017569775,0.007786640996470097,0.7609049359812065,0.03587820961790404,0.04808513143333849,1.0,train,1,74,2026-04-22T11:35:46.198701+00:00,,Stage 1,1,77,77,2026-04-22 11:35:46.198701+00:00
-0.23387302776007926,0.15062202870917207,0.5034578146611342,0.6749654218533886,0.23983402489626554,-0.009500769313132016,0.15473157305435098,0.15062202870917207,0.5905947441217151,0.5034578146611342,0.6749654218533886,-0.004109544345178892,-0.08713692946058091,-0.026279391424619644,0.24356846473029048,-0.003734439834024893,0.0,0.8815155107686228,0.22406639004149378,0.0038233550681683465,0.0,0.0,0.4979253112033195,0.5103734439834025,0.5103734439834025,0.1908713692946058,0.06224066390041494,0.0,0.15352697095435686,-0.12602271049967445,0.8042383193969727,6.333333333333333,10.041666666666666,12.0,0.2033195020746888,0.48840741713352004,0.5416666666666666,0.4583333333333333,0.08333333333333333,0.08333333333333333,0.375,0.4166666666666667,0.375,0.2916666666666667,0.2916666666666667,0.625,0.9583333333333334,241.0,133.0,24.0,24.0,24.0,8.0,192.0,192.0,0.0,0.022053717726603486,0.0031259434115617794,0.7716857385366482,0.018927772846802696,0.02826346298138056,1.0,train,1,75,2026-04-22T11:38:48.831641+00:00,,Stage 1,1,78,78,2026-04-22 11:38:48.831641+00:00
-0.11089980906539348,0.12603499668605614,0.5800865800865801,0.7532467532467533,0.2324675324675325,0.013082874917290505,0.12316254161777059,0.12603499668605614,0.6017316017316018,0.5800865800865801,0.7532467532467533,0.002872455068285554,-0.021645021645021644,-0.021645021645021644,0.229004329004329,0.003463203463203465,0.0,0.874860853432282,0.12337662337662338,0.0,0.0,0.004329004329004329,0.5800865800865801,0.5800865800865801,0.5800865800865801,0.22077922077922077,0.06060606060606061,0.0,0.08225108225108226,0.050534941256046295,0.8572733402252197,6.166666666666667,9.625,12.0,0.16883116883116883,0.5453087722462723,0.6666666666666666,0.3333333333333333,0.0,0.0,0.25,0.4583333333333333,0.2916666666666667,0.25,0.25,0.75,1.0,231.0,159.0,24.0,24.0,24.0,8.0,192.0,192.0,0.0,0.028595530855580694,0.0017180412820300215,0.7361838150324311,0.02687748731779789,0.037255543102585276,1.0,train,1,76,2026-04-22T11:42:33.574757+00:00,,Stage 1,1,79,79,2026-04-22 11:42:33.574757+00:00
-0.06090059387315484,0.31797955319296783,0.6260162601626016,0.7073170731707317,0.4225609756097561,0.031034365476438654,0.31434825337264366,0.31797955319296783,0.6382113821138211,0.6260162601626016,0.7073170731707317,0.003631299820324213,-0.012195121951219513,-0.04065040650406504,0.43130081300813006,-0.008739837398373983,0.0,0.8773422377080914,0.09146341463414634,0.005894308943089431,0.0,0.0,0.6056910569105691,0.6260162601626016,0.6260162601626016,0.14634146341463414,0.04878048780487805,0.0,0.06097560975609756,-0.05838154644016328,0.7697418332099915,6.375,10.25,12.0,0.21951219512195122,0.45962384259259254,0.5416666666666666,0.4583333333333333,0.041666666666666664,0.041666666666666664,0.375,0.5,0.4583333333333333,0.3333333333333333,0.3333333333333333,0.625,1.0,246.0,138.0,24.0,24.0,24.0,8.0,192.0,192.0,0.0,0.039534083527067436,0.00399116340322771,0.76212039190358,0.03554291852755789,0.04808070420371372,1.0,train,1,77,2026-04-22T11:46:02.425371+00:00,,Stage 1,1,80,80,2026-04-22 11:46:02.425371+00:00
-0.0071463101463101406,0.233925132421373,0.5752895752895753,0.6988416988416989,0.3102316602316602,0.045039753468324895,0.23991683991683993,0.233925132421373,0.5521235521235521,0.5752895752895753,0.6988416988416989,-0.005991707495466894,0.023166023166023165,0.04247104247104247,0.29111969111969116,0.019111969111969114,0.0,0.8631274131274131,0.052123552123552123,0.0007813936385364964,0.0,0.0,0.6023166023166023,0.5984555984555985,0.5984555984555985,0.25096525096525096,0.08108108108108109,0.0,0.03474903474903475,-0.05545135388963471,0.6789505481719971,7.375,10.791666666666666,12.0,0.25868725868725867,0.3213950216450216,0.375,0.625,0.0,0.0,0.5416666666666666,0.5833333333333334,0.5416666666666666,0.5416666666666666,0.5416666666666666,0.4583333333333333,1.0,259.0,103.0,24.0,24.0,24.0,8.0,192.0,192.0,0.0,0.030570897517852413,0.002787055465781573,0.7242116128067368,0.02778384208527181,0.04077318705991667,1.0,train,1,78,2026-04-22T11:49:37.575960+00:00,,Stage 1,1,81,81,2026-04-22 11:49:37.575960+00:00
-0.11862937183002811,0.15127252181757977,0.5165289256198347,0.6446280991735537,0.28057851239669424,0.012692942219558656,0.14668691919542673,0.15127252181757977,0.5826446280991735,0.5165289256198347,0.6446280991735537,0.0045856026221530385,-0.06611570247933884,0.012396694214876033,0.265495867768595,0.015082644628099176,0.0,0.8984848484848486,0.13016528925619836,0.0,0.0,0.008264462809917356,0.5082644628099173,0.5330578512396694,0.5330578512396694,0.2727272727272727,0.02066115702479339,0.0,0.08677685950413223,0.048237900164994324,0.7735096216201782,6.0,10.083333333333334,12.0,0.2066115702479339,0.4290052255750785,0.5416666666666666,0.4583333333333333,0.041666666666666664,0.041666666666666664,0.375,0.4583333333333333,0.375,0.3333333333333333,0.3333333333333333,0.625,1.0,242.0,134.0,24.0,24.0,24.0,8.0,192.0,192.0,0.0,0.03431296776702155,0.0036347557220663598,0.7088034255430102,0.030678215624312312,0.04553124094500077,1.0,train,1,79,2026-04-22T11:52:59.892135+00:00,,Stage 1,1,82,82,2026-04-22 11:52:59.892135+00:00
-0.058284794603544604,0.22618345774595774,0.575,0.7604166666666666,0.298125,0.012342983174233178,0.2426602564102564,0.22618345774595774,0.5833333333333334,0.575,0.7604166666666666,-0.016476798664298666,-0.008333333333333333,-0.03958333333333333,0.29916666666666664,-0.001041666666666665,0.0,0.9030555555555555,0.06875,0.0015972222222222223,0.0,0.0125,0.5166666666666667,0.575,0.575,0.1125,0.0375,0.0,0.04583333333333333,-0.029920687712728978,0.7435176968574524,6.041666666666667,10.0,12.0,0.2,0.35013693019943015,0.5,0.5,0.0,0.0,0.4166666666666667,0.5416666666666666,0.4583333333333333,0.4166666666666667,0.4166666666666667,0.5833333333333334,1.0,240.0,120.0,24.0,24.0,24.0,8.0,192.0,192.0,0.0,0.05809265313049158,0.01957374404494961,0.7866731949461003,0.03851890737581319,0.05041743766697676,1.0,train,1,80,2026-04-22T11:56:17.332045+00:00,,Stage 1,1,83,83,2026-04-22 11:56:17.332045+00:00
0.010817779237016855,0.19622828727859687,0.47541666666666665,0.58375,0.28875,0.041561187758320114,0.18192253001985975,0.19622828727859687,0.46041666666666664,0.47541666666666665,0.58375,0.014305757258737135,0.015,0.0125,0.27837500000000004,0.010374999999999999,0.0,0.9043710839598998,0.03,0.000542606516290727,0.0,0.005,,0.4875,0.4875,0.145,0.0375,0.0,0.02,,,,,,,,,,,,,,,,,,,,,,,,,,,,,,,,,,eval,1,80,2026-04-22T11:57:58.788895+00:00,400.0,Stage 1,1,84,84,2026-04-22 11:57:58.788895+00:00
-0.07427597872381336,0.20032081326372664,0.7362204724409449,0.8188976377952756,0.37145669291338584,0.020248955659388734,0.20272202816753168,0.20032081326372664,0.7952755905511811,0.7362204724409449,0.8188976377952756,-0.00240121490380504,-0.05905511811023622,0.007874015748031496,0.3901574803149606,-0.018700787401574805,0.0,0.8920697412823397,0.09448818897637795,0.00045931758530183737,0.0,0.0,0.7322834645669292,0.7362204724409449,0.7362204724409449,0.3110236220472441,0.003937007874015748,0.0,0.07874015748031496,-7.47404699250469e-08,0.7263318300247192,5.75,10.583333333333334,12.0,0.2440944881889764,0.38901622914122913,0.375,0.625,0.041666666666666664,0.041666666666666664,0.4166666666666667,0.5416666666666666,0.4166666666666667,0.375,0.375,0.5833333333333334,1.0,254.0,134.0,24.0,24.0,24.0,8.0,192.0,192.0,0.0,0.04030745420882951,0.005397199472384666,0.8232887923272688,0.03491025755560693,0.04323315910102798,1.0,train,1,81,2026-04-22T12:01:38.327611+00:00,,Stage 1,1,85,85,2026-04-22 12:01:38.327611+00:00
-0.06794028243678979,0.15337847634964508,0.6625,0.8166666666666667,0.26958333333333334,0.0018430508965435466,0.18021693890260068,0.15337847634964508,0.7,0.6625,0.8166666666666667,-0.026838462552955585,-0.0375,-0.016666666666666666,0.3002083333333333,-0.030625,0.0,0.9293750000000001,0.06875,0.005625000000000001,0.0,0.004166666666666667,0.5458333333333333,0.6625,0.6625,0.17083333333333334,0.008333333333333333,0.0,0.04583333333333333,-0.029920585298289854,0.8167058229446411,6.708333333333333,10.0,12.0,0.2,0.5957464073236132,0.5416666666666666,0.4583333333333333,0.0,0.0,0.2916666666666667,0.3333333333333333,0.2916666666666667,0.2916666666666667,0.2916666666666667,0.7083333333333334,1.0,240.0,156.0,24.0,24.0,24.0,8.0,192.0,192.0,0.0,0.051407940924549714,0.004008988157296792,0.7066167019880735,0.0473989555720617,0.06627045029366646,1.0,train,1,82,2026-04-22T12:04:34.450028+00:00,,Stage 1,1,86,86,2026-04-22 12:04:34.450028+00:00
-0.009347811169945553,0.22773592586365624,0.7035573122529645,0.8458498023715415,0.3373517786561265,0.032191055760225726,0.22514244648632,0.22773592586365624,0.691699604743083,0.7035573122529645,0.8458498023715415,0.0025934793773362535,0.011857707509881422,-0.02766798418972332,0.33142292490118574,0.00592885375494071,0.0,0.9054394880481837,0.041501976284584984,0.00046113306982872214,0.0,0.0,0.6837944664031621,0.7272727272727273,0.7272727272727273,0.30434782608695654,0.039525691699604744,0.0,0.02766798418972332,-0.056766367948102386,0.7459481358528137,6.166666666666667,10.541666666666666,12.0,0.24110671936758893,0.46124156746031747,0.4583333333333333,0.5416666666666666,0.0,0.0,0.4166666666666667,0.4166666666666667,0.4166666666666667,0.4166666666666667,0.4166666666666667,0.5833333333333334,1.0,253.0,133.0,24.0,24.0,24.0,8.0,192.0,192.0,0.0,0.02736924487845342,-0.006847516934674485,0.7122245323389096,0.03421676244997934,0.04903928240351334,1.0,train,1,83,2026-04-22T12:08:17.774467+00:00,,Stage 1,1,87,87,2026-04-22 12:08:17.774467+00:00
-0.020210123331833856,0.30502183610736244,0.6228070175438597,0.7236842105263158,0.4010964912280702,0.04139221584945269,0.3111111111111111,0.30502183610736244,0.6140350877192983,0.6228070175438597,0.7236842105263158,-0.006089275003748686,0.008771929824561403,0.0043859649122807015,0.41228070175438597,-0.011184210526315791,0.0,0.8566154970760234,0.05921052631578947,0.006871345029239768,0.0,0.013157894736842105,0.5921052631578947,0.6228070175438597,0.6228070175438597,0.14035087719298245,0.04824561403508772,0.0,0.039473684210526314,-0.06299080490543131,0.8156623244285583,6.125,9.5,12.0,0.15789473684210525,0.3919072420634921,0.625,0.375,0.041666666666666664,0.041666666666666664,0.2916666666666667,0.4166666666666667,0.3333333333333333,0.25,0.25,0.7083333333333334,1.0,228.0,144.0,24.0,24.0,24.0,8.0,192.0,192.0,0.0,0.03066897216356463,-0.003981654428773456,0.7344304973052608,0.03465062874400044,0.04794093724504066,1.0,train,1,84,2026-04-22T12:11:41.160901+00:00,,Stage 1,1,88,88,2026-04-22 12:11:41.160901+00:00
-0.03309908205706524,0.2587403318584212,0.7387755102040816,0.9061224489795918,0.4775510204081633,0.040783911140213666,0.26054421768707486,0.2587403318584212,0.7387755102040816,0.7387755102040816,0.9061224489795918,-0.0018038858286536308,0.0,-0.02857142857142857,0.4718367346938776,0.005714285714285716,0.0,0.8797278911564625,0.07346938775510205,0.005170068027210885,0.0,0.0,0.7183673469387755,0.7551020408163265,0.7551020408163265,0.21224489795918366,0.04897959183673469,0.0,0.04897959183673469,-0.045188857462941386,0.7077242732048035,6.375,10.208333333333334,12.0,0.2163265306122449,0.11745619358854653,0.4583333333333333,0.5416666666666666,0.0,0.0,0.4583333333333333,0.5,0.4583333333333333,0.4583333333333333,0.4583333333333333,0.5416666666666666,1.0,245.0,113.0,24.0,24.0,24.0,8.0,192.0,192.0,0.0,0.03813377774394719,0.003381811807640886,0.8211245630430964,0.03475196365835207,0.04338967507615294,1.0,train,1,85,2026-04-22T12:14:51.823708+00:00,,Stage 1,1,89,89,2026-04-22 12:14:51.823708+00:00
0.011783117789240242,0.18623171612967532,0.5346938775510204,0.7244897959183674,0.3212244897959184,0.03642166654207471,0.18232937130896312,0.18623171612967532,0.5387755102040817,0.5346938775510204,0.7244897959183674,0.0039023448207121682,-0.004081632653061225,0.018367346938775512,0.32897959183673475,-0.007755102040816326,0.0,0.9184353741496599,0.024489795918367346,0.0018594104308390024,0.0,0.0,0.5551020408163265,0.5551020408163265,0.5551020408163265,0.1306122448979592,0.0163265306122449,0.0,0.0163265306122449,-0.029309979233206534,0.7588513493537903,6.458333333333333,10.208333333333334,12.0,0.2163265306122449,0.2700370115995116,0.4583333333333333,0.5416666666666666,0.0,0.0,0.375,0.5416666666666666,0.4166666666666667,0.375,0.375,0.625,1.0,245.0,137.0,24.0,24.0,24.0,8.0,192.0,192.0,0.0,0.033009212137791365,0.0038210287907697858,0.753343988998528,0.029188185511180815,0.039601100898195206,1.0,train,1,86,2026-04-22T12:17:58.006451+00:00,,Stage 1,1,90,90,2026-04-22 12:17:58.006451+00:00
0.04950819282498672,0.17716755923867214,0.5877862595419847,0.816793893129771,0.2847328244274809,0.07302255124010851,0.15816486312669517,0.17716755923867214,0.5305343511450382,0.5877862595419847,0.816793893129771,0.019002696111976948,0.05725190839694656,0.0916030534351145,0.24847328244274808,0.03625954198473282,0.0,0.9016675754271174,0.022900763358778626,0.0009905488913122503,0.0,0.003816793893129771,0.6259541984732825,0.5877862595419847,0.5877862595419847,0.22137404580152673,0.07251908396946564,0.0,0.015267175572519083,-0.043003259610583766,0.7892559170722961,6.75,10.916666666666666,12.0,0.26717557251908397,0.23574272486772485,0.4166666666666667,0.5833333333333334,0.0,0.0,0.4166666666666667,0.5,0.5,0.4166666666666667,0.4166666666666667,0.5833333333333334,1.0,262.0,142.0,24.0,24.0,24.0,8.0,192.0,192.0,0.0,0.03992388240048583,0.0002872821101000611,0.7237405263831918,0.0396366010006627,0.05587743172812922,1.0,train,1,87,2026-04-22T12:21:19.622123+00:00,,Stage 1,1,91,91,2026-04-22 12:21:19.622123+00:00
-0.03325577144733491,0.18805894899161152,0.5701754385964912,0.8114035087719298,0.2774122807017544,0.026405047266115384,0.15025480798659877,0.18805894899161152,0.5614035087719298,0.5701754385964912,0.8114035087719298,0.03780414100501277,0.008771929824561403,-0.08333333333333333,0.2412280701754386,0.03618421052631579,0.0,0.8541666666666666,0.05921052631578947,0.0056286549707602355,0.0,0.0,0.5614035087719298,0.5877192982456141,0.5877192982456141,0.25877192982456143,0.04824561403508772,0.0,0.039473684210526314,-0.031495099053963235,0.8378919959068298,6.583333333333333,9.5,12.0,0.15789473684210525,0.4888212729536259,0.625,0.375,0.0,0.0,0.25,0.3333333333333333,0.25,0.25,0.25,0.75,1.0,228.0,156.0,24.0,24.0,24.0,8.0,192.0,192.0,0.0,0.040426720363589436,0.00028024477740892995,0.7650559220033196,0.0401464797694247,0.05362143301410785,1.0,train,1,88,2026-04-22T12:24:05.579086+00:00,,Stage 1,1,92,92,2026-04-22 12:24:05.579086+00:00
0.006313623802960577,0.21720165234343813,0.7091633466135459,0.7888446215139442,0.33784860557768925,0.036210038145590054,0.20201272830754904,0.21720165234343813,0.7290836653386454,0.7091633466135459,0.7888446215139442,0.015188924035889116,-0.0199203187250996,0.01195219123505976,0.32270916334661354,0.015139442231075698,0.0,0.953054448871182,0.029880478087649404,0.00019920318725099597,0.0,0.0,0.7330677290836654,0.7250996015936255,0.7250996015936255,0.199203187250996,0.0,0.0,0.0199203187250996,-0.028609359525589354,0.7336304783821106,6.25,10.458333333333334,12.0,0.2350597609561753,0.3947075163398693,0.4583333333333333,0.5416666666666666,0.0,0.0,0.4166666666666667,0.5,0.4166666666666667,0.4166666666666667,0.4166666666666667,0.5833333333333334,1.0,251.0,131.0,24.0,24.0,24.0,8.0,192.0,192.0,0.0,0.04538287336134728,0.009062225468286122,0.7229540688163452,0.03632064654345434,0.04988192382675161,1.0,train,1,89,2026-04-22T12:28:04.780764+00:00,,Stage 1,1,93,93,2026-04-22 12:28:04.780764+00:00
-0.17421056891451628,0.1690227574057214,0.6622807017543859,0.8157894736842105,0.29912280701754385,-0.009030257023678073,0.1669324827219564,0.1690227574057214,0.7368421052631579,0.6622807017543859,0.8157894736842105,0.0020902746837649895,-0.07456140350877193,-0.07894736842105263,0.3010964912280702,-0.001973684210526315,0.0,0.9103313840155944,0.16447368421052633,0.0011574074074074082,0.0,0.0043859649122807015,0.6228070175438597,0.6622807017543859,0.6622807017543859,0.19298245614035087,0.03508771929824561,0.0,0.10964912280701754,-0.050512859434412236,0.8544811606407166,6.5,9.5,12.0,0.15789473684210525,0.7905782978595478,0.6666666666666666,0.3333333333333333,0.0,0.0,0.25,0.3333333333333333,0.2916666666666667,0.25,0.25,0.75,1.0,228.0,156.0,24.0,24.0,24.0,8.0,192.0,192.0,0.0,0.04365562380124361,0.003916226900540865,0.6991263950864474,0.0397393966466972,0.05603052809410893,1.0,train,1,90,2026-04-22T12:30:21.101300+00:00,,Stage 1,1,94,94,2026-04-22 12:30:21.101300+00:00
-0.03237888125205028,0.11241134761093399,0.5889328063241107,0.8695652173913043,0.208498023715415,0.009729155638595307,0.11858488228365491,0.11241134761093399,0.6007905138339921,0.5889328063241107,0.8695652173913043,-0.006173534672720908,-0.011857707509881422,-0.023715415019762844,0.20553359683794467,0.002964426877470356,0.0,0.9511198945981555,0.041501976284584984,0.0006587615283267457,0.0,0.003952569169960474,0.5849802371541502,0.5889328063241107,0.5889328063241107,0.13438735177865613,0.015810276679841896,0.0,0.02766798418972332,-1.1970992144859827e-08,0.6915638446807861,6.125,10.541666666666666,12.0,0.24110671936758893,0.38759036266021557,0.375,0.625,0.0,0.0,0.4583333333333333,0.5416666666666666,0.4583333333333333,0.4583333333333333,0.4583333333333333,0.5416666666666666,1.0,253.0,121.0,24.0,24.0,24.0,8.0,192.0,192.0,0.0,0.06359527429396455,0.0075173214662912465,0.7903680413006997,0.05607795271991698,0.06755707984606842,1.0,train,1,91,2026-04-22T12:33:39.024017+00:00,,Stage 1,1,95,95,2026-04-22 12:33:39.024017+00:00
-0.025831895791134252,0.15610227612655575,0.44398340248962653,0.6763485477178424,0.2099585062240664,0.03710586354496533,0.15389095144500256,0.15610227612655575,0.43568464730290457,0.44398340248962653,0.6763485477178424,0.002211324681553219,0.008298755186721992,0.058091286307053944,0.2078838174273859,0.002074688796680498,0.0,0.9099091088717646,0.06224066390041494,0.0014522821576763488,0.0,0.004149377593360996,0.4730290456431535,0.44398340248962653,0.44398340248962653,0.14522821576763487,0.04979253112033195,0.0,0.04149377593360996,-0.059592859131666634,0.7308789491653442,6.125,10.041666666666666,12.0,0.2033195020746888,0.23311796536796536,0.5416666666666666,0.4583333333333333,0.0,0.0,0.4166666666666667,0.6666666666666666,0.4583333333333333,0.4166666666666667,0.4166666666666667,0.5833333333333334,1.0,241.0,121.0,24.0,24.0,24.0,8.0,192.0,192.0,0.0,0.05433670289752897,0.012546951243700075,0.6916771175201274,0.04178975081171197,0.06015638604991759,1.0,train,1,92,2026-04-22T12:36:22.904657+00:00,,Stage 1,1,96,96,2026-04-22 12:36:22.904657+00:00
-0.055115994558101775,0.16472831483069755,0.70042194092827,0.9282700421940928,0.28565400843881855,0.009289068733037463,0.17725874687900003,0.16472831483069755,0.6962025316455697,0.70042194092827,0.9282700421940928,-0.012530432048302486,0.004219409282700422,-0.07172995780590717,0.29873417721518986,-0.013080168776371312,0.0,0.9228450874020495,0.06329113924050633,0.0065400843881856545,0.0,0.004219409282700422,0.6244725738396625,0.70042194092827,0.70042194092827,0.14345991561181434,0.046413502109704644,0.0,0.04219409282700422,0.03029936916717497,0.8740983605384827,5.833333333333333,9.875,12.0,0.189873417721519,0.4551517008318479,0.5416666666666666,0.4583333333333333,0.0,0.0,0.20833333333333334,0.2916666666666667,0.2916666666666667,0.20833333333333334,0.20833333333333334,0.7916666666666666,1.0,237.0,177.0,24.0,24.0,24.0,8.0,192.0,192.0,0.0,0.0462213956703574,0.005981993372157469,0.7199445520080415,0.04023939966741071,0.05535857284084586,1.0,train,1,93,2026-04-22T12:39:50.033007+00:00,,Stage 1,1,97,97,2026-04-22 12:39:50.033007+00:00
0.06729420012193123,0.21214998538085666,0.8223938223938224,0.9343629343629344,0.3324324324324324,0.07344606627379738,0.16812914444493393,0.21214998538085666,0.7413127413127413,0.8223938223938224,0.9343629343629344,0.04402084093592276,0.08108108108108109,-0.003861003861003861,0.277992277992278,0.05444015444015444,0.0,0.9051250229821659,0.005791505791505791,0.004504504504504505,0.0,0.0,0.8532818532818532,0.8223938223938224,0.8223938223938224,0.36293436293436293,0.08494208494208494,0.0,0.003861003861003861,-0.062417217821573195,0.6947535872459412,6.541666666666667,10.791666666666666,12.0,0.25868725868725867,0.16688390313390314,0.3333333333333333,0.6666666666666666,0.0,0.0,0.5,0.6666666666666666,0.5,0.5,0.5,0.5,0.9583333333333334,259.0,115.0,24.0,24.0,24.0,8.0,192.0,192.0,0.0,0.07091146838729796,0.001660016713582951,0.6570898715406657,0.06925145561791674,0.09765028416717889,1.0,train,1,94,2026-04-22T12:42:22.918536+00:00,,Stage 1,1,98,98,2026-04-22 12:42:22.918536+00:00
0.06400928138673237,0.2663632828211623,0.6831275720164609,0.8353909465020576,0.40144032921810696,0.07701339661306981,0.24059703442419492,0.2663632828211623,0.6049382716049383,0.6831275720164609,0.8353909465020576,0.025766248396967353,0.07818930041152264,0.01646090534979424,0.35390946502057613,0.047530864197530866,0.0,0.8991475602586714,0.012345679012345678,0.0010288065843621398,0.0,0.00411522633744856,0.6625514403292181,0.6831275720164609,0.6831275720164609,0.2716049382716049,0.08641975308641975,0.0,0.00823045267489712,-0.06652926176847744,0.7723324298858643,6.875,10.125,12.0,0.20987654320987653,0.26605494920384626,0.5,0.5,0.0,0.0,0.375,0.5,0.4583333333333333,0.375,0.375,0.625,1.0,243.0,135.0,24.0,24.0,24.0,8.0,192.0,192.0,0.0,0.048242533951997756,0.0005510999096764458,0.7330596937073601,0.047691433092135145,0.06347610997909904,1.0,train,1,95,2026-04-22T12:45:07.547962+00:00,,Stage 1,1,99,99,2026-04-22 12:45:07.547962+00:00
0.01740524439717989,0.1686712351504372,0.6209677419354839,0.8346774193548387,0.2965725806451613,0.035550405687502465,0.16059079573510812,0.1686712351504372,0.5967741935483871,0.6209677419354839,0.8346774193548387,0.00808043941532906,0.024193548387096774,-0.020161290322580645,0.27661290322580645,0.01995967741935484,0.0,0.8860887096774194,0.018145161290322582,0.0,0.0,0.0,0.6129032258064516,0.6209677419354839,0.6209677419354839,0.1975806451612903,0.036290322580645164,0.0,0.012096774193548387,6.7746206637351746e-09,0.6839162111282349,6.541666666666667,10.333333333333334,12.0,0.22580645161290322,0.3585565476190476,0.4166666666666667,0.5833333333333334,0.0,0.0,0.4583333333333333,0.5833333333333334,0.4583333333333333,0.4583333333333333,0.4583333333333333,0.5416666666666666,1.0,248.0,116.0,24.0,24.0,24.0,8.0,192.0,192.0,0.0,0.04937354064193265,0.004638502181603991,0.7498276304325153,0.04473504195404279,0.05962864312361936,1.0,train,1,96,2026-04-22T12:47:47.796066+00:00,,Stage 1,1,100,100,2026-04-22 12:47:47.796066+00:00
0.01903326080074376,0.2666091615473085,0.648068669527897,0.871244635193133,0.3793991416309013,0.07119348969917008,0.1976224538456298,0.2666091615473085,0.630901287553648,0.648068669527897,0.871244635193133,0.06898670770167867,0.017167381974248927,0.008583690987124463,0.3369098712446352,0.04248927038626609,0.0,0.9006744328632741,0.05150214592274678,0.0007153075822603721,0.0,0.004291845493562232,0.6437768240343348,0.6738197424892703,0.6738197424892703,0.26609442060085836,0.05150214592274678,0.0,0.034334763948497854,-0.04410281585521452,0.7898126244544983,6.375,9.708333333333334,12.0,0.1759656652360515,0.3924118814192344,0.625,0.375,0.0,0.0,0.3333333333333333,0.5416666666666666,0.375,0.3333333333333333,0.3333333333333333,0.6666666666666666,1.0,233.0,137.0,24.0,24.0,24.0,8.0,192.0,192.0,0.0,0.05654022842645645,0.0010615278878351197,0.7488112945082414,0.05547869712858712,0.07260517343995716,1.0,train,1,97,2026-04-22T12:50:21.649193+00:00,,Stage 1,1,101,101,2026-04-22 12:50:21.649193+00:00
-0.061735608489149905,0.14356038193183576,0.7224489795918367,0.8081632653061225,0.3022448979591837,0.02486030987819704,0.12695698858964166,0.14356038193183576,0.7224489795918367,0.7224489795918367,0.8081632653061225,0.016603393342194125,0.0,-0.053061224489795916,0.2730612244897959,0.029183673469387755,0.0,0.8697278911564627,0.08571428571428572,0.003877551020408163,0.0,0.004081632653061225,0.7510204081632653,0.746938775510204,0.746938775510204,0.2938775510204082,0.08163265306122448,0.0,0.05714285714285714,0.06598382291136956,0.7421922087669373,6.75,10.208333333333334,12.0,0.2163265306122449,0.44199305555555557,0.5,0.5,0.0,0.0,0.4166666666666667,0.5833333333333334,0.4583333333333333,0.4166666666666667,0.4166666666666667,0.5833333333333334,1.0,245.0,125.0,24.0,24.0,24.0,8.0,192.0,192.0,0.0,0.04765038728713989,-0.005757897675037384,0.741841776072979,0.0534082887146069,0.06876171738698954,1.0,train,1,98,2026-04-22T12:53:13.180634+00:00,,Stage 1,1,102,102,2026-04-22 12:53:13.180634+00:00
0.028038933719166277,0.23259141069728584,0.7674418604651163,0.8178294573643411,0.39399224806201555,0.06331025154862364,0.19639144232167488,0.23259141069728584,0.7364341085271318,0.7674418604651163,0.8178294573643411,0.03619996837561097,0.031007751937984496,0.003875968992248062,0.34728682170542635,0.04670542635658915,0.0,0.9069767441860465,0.03488372093023256,0.0048449612403100775,0.0,0.0,0.7868217054263565,0.7674418604651163,0.7674418604651163,0.19767441860465115,0.05426356589147287,0.0,0.023255813953488372,-0.027833101101392924,0.7101064324378967,6.666666666666667,10.75,12.0,0.2558139534883721,0.42336300505050506,0.375,0.625,0.0,0.0,0.4583333333333333,0.4583333333333333,0.4583333333333333,0.4583333333333333,0.4583333333333333,0.5416666666666666,1.0,258.0,126.0,24.0,24.0,24.0,8.0,192.0,192.0,0.0,0.04500059505540227,0.003013539468012159,0.6878572957264999,0.04198705380148899,0.060002160469428564,1.0,train,1,99,2026-04-22T12:56:20.527787+00:00,,Stage 1,1,103,103,2026-04-22 12:56:20.527787+00:00
0.06061503574750777,0.23182053840183595,0.611336032388664,0.8461538461538461,0.34331983805668015,0.06067981307544299,0.23109697320223638,0.23182053840183595,0.5303643724696356,0.611336032388664,0.8461538461538461,0.000723565199599593,0.08097165991902834,0.008097165991902834,0.32955465587044536,0.013765182186234818,0.0,0.9226142278773857,0.0,0.0008097165991902835,0.0,0.0,0.611336032388664,0.611336032388664,0.611336032388664,0.15384615384615385,0.08097165991902834,0.0,0.0,-0.05814531445503235,0.8017162084579468,6.875,10.291666666666666,12.0,0.22267206477732793,0.1517647156084656,0.5833333333333334,0.4166666666666667,0.0,0.0,0.3333333333333333,0.5,0.375,0.3333333333333333,0.3333333333333333,0.6666666666666666,1.0,247.0,151.0,24.0,24.0,24.0,8.0,192.0,192.0,0.0,0.04680714810526134,0.008161102501761835,0.633952045480147,0.038646043880446734,0.061521613246815814,1.0,train,1,100,2026-04-22T12:59:05.108415+00:00,,Stage 1,1,104,104,2026-04-22 12:59:05.108415+00:00
0.02386115272691705,0.19076293654960452,0.48166666666666663,0.59125,0.285375,0.04267185448130301,0.18192253001985975,0.19076293654960452,0.46041666666666664,0.48166666666666663,0.59125,0.008840406529744766,0.02125,0.02,0.27837500000000004,0.006999999999999999,0.0,0.9086033312447787,0.01875,0.0007587719298245615,0.0,0.0,,0.4925,0.4925,0.135,0.035,0.0,0.0125,,,,,,,,,,,,,,,,,,,,,,,,,,,,,,,,,,eval,1,100,2026-04-22T13:00:47.233641+00:00,400.0,Stage 1,1,105,105,2026-04-22 13:00:47.233641+00:00
-0.055032173160173156,0.17686093906093908,0.5373333333333333,0.6813333333333333,0.24880000000000002,0.017714493506493508,0.17417922077922077,0.17686093906093908,0.5733333333333334,0.5373333333333333,0.6813333333333333,0.002681718281718281,-0.036,-0.004,0.26880000000000004,-0.02,0.0,0.9078857142857143,0.072,0.002333333333333334,0.0,0.004,0.488,0.548,0.548,0.164,0.024,0.0,0.06,-0.06466426622867584,0.7482759356498718,5.958333333333333,10.416666666666666,12.0,0.232,0.20234511784511786,0.4166666666666667,0.5833333333333334,0.0,0.0,0.4166666666666667,0.625,0.5,0.4166666666666667,0.4166666666666667,0.5833333333333334,1.0,250.0,130.0,24.0,24.0,24.0,8.0,192.0,192.0,0.0,0.03736926374527124,0.00027376963542057915,0.745869181247858,0.03709549279875109,0.05559283655947473,1.0,train,1,1,2026-04-22T13:06:13.191784+00:00,,Stage 2,2,1,106,2026-04-22 13:06:13.191784+00:00
0.007430015255530136,0.164904432905005,0.44782608695652176,0.5434782608695652,0.2376086956521739,0.04412276887871854,0.12608138238573022,0.164904432905005,0.4217391304347826,0.44782608695652176,0.5434782608695652,0.038823050519274774,0.02608695652173913,-0.034782608695652174,0.22282608695652173,0.014782608695652172,0.0,0.9,0.03391304347826087,0.0043115942028985514,0.0,0.017391304347826087,0.391304347826087,0.45652173913043476,0.45652173913043476,0.19130434782608696,0.07391304347826087,0.0,0.0391304347826087,-2.0213749097741168e-08,0.8288279175758362,6.25,9.583333333333334,12.0,0.16521739130434782,0.44768802213868003,0.7083333333333334,0.2916666666666667,0.0,0.0,0.25,0.5,0.4166666666666667,0.25,0.25,0.75,1.0,230.0,158.0,24.0,24.0,24.0,8.0,192.0,192.0,0.0,0.04032681241065641,-0.004574560666386085,0.6902196075342879,0.04490137511373698,0.06662400229756704,1.0,train,1,2,2026-04-22T13:09:23.618085+00:00,,Stage 2,2,2,107,2026-04-22 13:09:23.618085+00:00
0.03384216110686699,0.1420525352684065,0.4075471698113208,0.630188679245283,0.2256603773584906,0.03837046299365944,0.14025157232704402,0.1420525352684065,0.41132075471698115,0.4075471698113208,0.630188679245283,0.0018009629413624972,-0.0037735849056603774,0.09811320754716982,0.23245283018867924,-0.00679245283018868,0.0,0.8864510332434861,0.004528301886792453,0.0,0.0,0.0,0.4679245283018868,0.4075471698113208,0.4075471698113208,0.09433962264150944,0.0,0.0,0.0037735849056603774,0.054195866326116164,0.6639383435249329,6.625,11.041666666666666,12.0,0.27547169811320754,0.15334565012873838,0.3333333333333333,0.6666666666666666,0.041666666666666664,0.041666666666666664,0.5416666666666666,0.7083333333333334,0.5416666666666666,0.5,0.5,0.4583333333333333,1.0,265.0,109.0,24.0,24.0,24.0,8.0,192.0,192.0,0.0,0.0429818493510605,0.004826384400009015,0.7433666012702732,0.038155469992679956,0.05419968833505283,1.0,train,1,3,2026-04-22T13:12:53.813360+00:00,,Stage 2,2,3,108,2026-04-22 13:12:53.813360+00:00
0.013368564120611458,0.1876098465157688,0.5161290322580645,0.6370967741935484,0.2887096774193548,0.05245727379803082,0.16644511402575918,0.1876098465157688,0.5,0.5161290322580645,0.6370967741935484,0.02116473249000963,0.016129032258064516,0.056451612903225805,0.2782258064516129,0.010483870967741933,0.0,0.872897465437788,0.03870967741935484,0.0002016129032258064,0.0020161290322580645,0.0,0.5645161290322581,0.5161290322580645,0.5161290322580645,0.16532258064516128,0.04838709677419355,0.0,0.03225806451612903,-0.036230240257516984,0.7267814874649048,6.0,10.333333333333334,12.0,0.22580645161290322,0.21308650097465887,0.4583333333333333,0.5416666666666666,0.041666666666666664,0.041666666666666664,0.4583333333333333,0.6666666666666666,0.5,0.4166666666666667,0.4166666666666667,0.5416666666666666,1.0,248.0,116.0,24.0,24.0,24.0,8.0,192.0,192.0,0.0,0.05981760587671708,0.006598662970394924,0.8073723293070135,0.05321894407116533,0.0660283398800934,1.0,train,1,4,2026-04-22T13:16:14.831187+00:00,,Stage 2,2,4,109,2026-04-22 13:16:14.831187+00:00
-0.0523842683849946,0.10221102158284438,0.49176954732510286,0.668724279835391,0.20987654320987653,-0.005470688138081023,0.12673917303546933,0.10221102158284438,0.522633744855967,0.49176954732510286,0.668724279835391,-0.024528151452624946,-0.030864197530864196,-0.043209876543209874,0.24814814814814817,-0.03827160493827161,0.0,0.8932098765432099,0.04691358024691358,0.0,0.0,0.0,0.4403292181069959,0.49382716049382713,0.49382716049382713,0.07407407407407407,0.00823045267489712,0.0,0.0411522633744856,-1.1651113690662777e-07,0.777777373790741,6.083333333333333,10.125,12.0,0.20987654320987653,0.3796219849050731,0.5416666666666666,0.4583333333333333,0.0,0.0,0.3333333333333333,0.4583333333333333,0.3333333333333333,0.3333333333333333,0.3333333333333333,0.6666666666666666,1.0,243.0,147.0,24.0,24.0,24.0,8.0,192.0,192.0,0.0,0.0645094459154168,0.0032431037247586413,0.6913300667490277,0.06126634743136461,0.08826166197183377,1.0,train,1,5,2026-04-22T13:19:46.701072+00:00,,Stage 2,2,5,110,2026-04-22 13:19:46.701072+00:00
0.015092100225827408,0.2927093204563666,0.6632653061224489,0.7693877551020408,0.41122448979591836,0.03971250838909271,0.2973830680597598,0.2927093204563666,0.6571428571428571,0.6632653061224489,0.7693877551020408,-0.004673747603393145,0.006122448979591836,-0.0020408163265306124,0.403265306122449,0.007959183673469388,0.0,0.9261224489795918,0.024489795918367346,0.0016326530612244899,0.0,0.0,0.6244897959183674,0.6653061224489796,0.6653061224489796,0.22857142857142856,0.02857142857142857,0.0,0.02040816326530612,-0.05861996351456156,0.7020447850227356,5.25,10.208333333333334,12.0,0.2163265306122449,0.3130801656920078,0.4583333333333333,0.5416666666666666,0.041666666666666664,0.041666666666666664,0.4583333333333333,0.5,0.5,0.4166666666666667,0.4166666666666667,0.5416666666666666,1.0,245.0,113.0,24.0,24.0,24.0,8.0,192.0,192.0,0.0,0.05024046127775074,0.00026028662656260804,0.8226325944461653,0.04998017252649583,0.06135342190636796,1.0,train,1,6,2026-04-22T13:23:09.541647+00:00,,Stage 2,2,6,111,2026-04-22 13:23:09.541647+00:00
-0.05406143322042903,0.16405920659389056,0.40585774058577406,0.5523012552301255,0.22238493723849373,0.027988775984591888,0.16313936864476392,0.16405920659389056,0.41841004184100417,0.40585774058577406,0.5523012552301255,0.0009198379491266526,-0.012552301255230125,0.0502092050209205,0.2267782426778243,-0.004393305439330545,0.0,0.8466527196652719,0.0803347280334728,0.0020920502092050207,0.0020920502092050207,0.008368200836820083,0.4602510460251046,0.40585774058577406,0.40585774058577406,0.11715481171548117,0.05439330543933055,0.0,0.06694560669456066,-0.030045594443337188,0.7844759821891785,6.375,9.958333333333334,12.0,0.19665271966527198,0.11504761904761905,0.625,0.375,0.0,0.0,0.3333333333333333,0.7083333333333334,0.4583333333333333,0.3333333333333333,0.3333333333333333,0.6666666666666666,1.0,239.0,143.0,24.0,24.0,24.0,8.0,192.0,192.0,0.0,0.06332015522293277,0.0045895941190786296,0.6453050614653767,0.058730564807469215,0.0917867157846297,1.0,train,1,7,2026-04-22T13:26:21.513571+00:00,,Stage 2,2,7,112,2026-04-22 13:26:21.513571+00:00
0.06340378703565737,0.3447936401942958,0.6862745098039216,0.792156862745098,0.46235294117647063,0.06813676386275186,0.31293183940242764,0.3447936401942958,0.6705882352941176,0.6862745098039216,0.792156862745098,0.03186180079186817,0.01568627450980392,0.011764705882352941,0.4384313725490196,0.02392156862745098,0.0,0.9136329683388507,0.004705882352941176,0.00033868092691622103,0.0,0.0,0.6862745098039216,0.6862745098039216,0.6862745098039216,0.18823529411764706,0.0196078431372549,0.0,0.00392156862745098,-0.09155680280105741,0.6632785201072693,5.291666666666667,10.625,12.0,0.24705882352941178,0.1735102013426317,0.4166666666666667,0.5833333333333334,0.08333333333333333,0.08333333333333333,0.5416666666666666,0.625,0.5416666666666666,0.4583333333333333,0.4583333333333333,0.4583333333333333,1.0,255.0,99.0,24.0,24.0,24.0,8.0,192.0,192.0,0.0,0.03253224597434805,-0.0009629919071390171,0.679623893415085,0.03349523892510927,0.053128537970183645,1.0,train,1,8,2026-04-22T13:29:59.078523+00:00,,Stage 2,2,8,113,2026-04-22 13:29:59.078523+00:00
0.04081234316643324,0.18646625917995402,0.54296875,0.6953125,0.2744140625,0.059624843166433246,0.15943080357142858,0.18646625917995402,0.51171875,0.54296875,0.6953125,0.027035455608525463,0.03125,0.0703125,0.24375,0.0306640625,0.0,0.8912806919642857,0.01875,0.0007812499999999998,0.0,0.0,0.59765625,0.54296875,0.54296875,0.15625,0.046875,0.0,0.015625,4.0978193283081055e-08,0.7515456080436707,6.166666666666667,10.666666666666666,12.0,0.25,0.1581362433862434,0.4166666666666667,0.5833333333333334,0.0,0.0,0.4166666666666667,0.5416666666666666,0.4166666666666667,0.4166666666666667,0.4166666666666667,0.5833333333333334,1.0,256.0,136.0,24.0,24.0,24.0,8.0,192.0,192.0,0.0,0.05387361468199421,0.004613720209282988,0.7103675850393141,0.049259892891106626,0.06723217717857131,1.0,train,1,9,2026-04-22T13:33:16.226927+00:00,,Stage 2,2,9,114,2026-04-22 13:33:16.226927+00:00
0.034829146172025434,0.14085121381395155,0.518796992481203,0.6033834586466166,0.23477443609022558,0.03934042436751416,0.13087758106555097,0.14085121381395155,0.46616541353383456,0.518796992481203,0.6033834586466166,0.009973632748400551,0.05263157894736842,-0.005639097744360902,0.22030075187969925,0.014473684210526314,0.0,0.9258816684568565,0.004511278195488721,0.0,0.0,0.0,0.5225563909774437,0.518796992481203,0.518796992481203,0.18796992481203006,0.05639097744360902,0.0,0.0037593984962406013,0.00678253061789319,0.674487292766571,6.458333333333333,11.083333333333334,12.0,0.2781954887218045,0.11414149548708373,0.25,0.75,0.041666666666666664,0.041666666666666664,0.5416666666666666,0.6666666666666666,0.5416666666666666,0.5,0.5,0.4583333333333333,1.0,266.0,110.0,24.0,24.0,24.0,8.0,192.0,192.0,0.0,0.04416937936436046,0.006055925380099903,0.8011497619477186,0.03811345354056977,0.047156056010705355,1.0,train,1,10,2026-04-22T13:36:33.289211+00:00,,Stage 2,2,10,115,2026-04-22 13:36:33.289211+00:00
-0.030165202190981427,0.282987530397889,0.6414342629482072,0.7410358565737052,0.40139442231075695,0.031986192231329334,0.2903922633885137,0.282987530397889,0.6812749003984063,0.6414342629482072,0.7410358565737052,-0.0074047329906247175,-0.0398406374501992,0.027888446215139442,0.41354581673306773,-0.012151394422310759,0.0,0.9205463858850312,0.062151394422310755,0.0,0.0,0.0,0.6454183266932271,0.6414342629482072,0.6414342629482072,0.1394422310756972,0.01195219123505976,0.0,0.05179282868525897,-0.05721878281152581,0.7106823325157166,6.375,10.458333333333334,12.0,0.2350597609561753,0.14425252525252527,0.4166666666666667,0.5833333333333334,0.0,0.0,0.4583333333333333,0.5833333333333334,0.4583333333333333,0.4583333333333333,0.4583333333333333,0.5416666666666666,1.0,251.0,119.0,24.0,24.0,24.0,8.0,192.0,192.0,0.0,0.04622834420003811,0.0026523172855377197,0.7917056156306708,0.04357603145917663,0.05570885870818174,1.0,train,1,11,2026-04-22T13:40:00.317020+00:00,,Stage 2,2,11,116,2026-04-22 13:40:00.317020+00:00
-0.07632039365862894,0.3249684547478665,0.6346153846153846,0.7153846153846154,0.41692307692307695,0.011910375572140282,0.33948992184286303,0.3249684547478665,0.7076923076923077,0.6346153846153846,0.7153846153846154,-0.014521467094996509,-0.07307692307692308,-0.038461538461538464,0.4230769230769231,-0.00615384615384615,0.0,0.9338461538461539,0.0876923076923077,0.0,0.0,0.0038461538461538464,0.6038461538461538,0.6346153846153846,0.6346153846153846,0.1076923076923077,0.0,0.0,0.07307692307692308,-0.0661801672898806,0.7100993394851685,5.75,10.833333333333334,12.0,0.26153846153846155,0.19431212687095042,0.2916666666666667,0.7083333333333334,0.041666666666666664,0.041666666666666664,0.5416666666666666,0.625,0.5833333333333334,0.5,0.5,0.4583333333333333,1.0,260.0,104.0,24.0,24.0,24.0,8.0,192.0,192.0,0.0,0.06408421451655719,0.0007170281158043788,0.7925389669835567,0.06336718490302491,0.07584870230463188,1.0,train,1,12,2026-04-22T13:43:09.825448+00:00,,Stage 2,2,12,117,2026-04-22 13:43:09.825448+00:00
0.01945189724605442,0.22800983376093711,0.574468085106383,0.6872340425531915,0.30851063829787234,0.04622231264625705,0.2108883650876932,0.22800983376093711,0.5404255319148936,0.574468085106383,0.6872340425531915,0.01712146867324392,0.03404255319148936,-0.006382978723404255,0.27,0.038510638297872345,0.0,0.912274569402229,0.02553191489361702,0.0005876393110435666,0.0,0.00851063829787234,0.6212765957446809,0.574468085106383,0.574468085106383,0.1702127659574468,0.05531914893617021,0.0,0.02127659574468085,-0.061114467173180684,0.8735129833221436,6.083333333333333,9.791666666666666,12.0,0.1829787234042553,0.44980426193603434,0.6666666666666666,0.3333333333333333,0.041666666666666664,0.041666666666666664,0.25,0.4583333333333333,0.3333333333333333,0.20833333333333334,0.20833333333333334,0.75,1.0,235.0,163.0,24.0,24.0,24.0,8.0,192.0,192.0,0.0,0.05335643007619981,0.006383395428123649,0.6804782836212336,0.04697303542720623,0.06865974684423917,1.0,train,1,13,2026-04-22T13:46:30.402251+00:00,,Stage 2,2,13,118,2026-04-22 13:46:30.402251+00:00
0.05250230251207341,0.27805149750490304,0.756,0.812,0.3992,0.07226230251207341,0.2578547619047619,0.27805149750490304,0.648,0.756,0.812,0.020196735600141173,0.108,-0.012,0.3574,0.0418,0.0,0.8931714285714286,0.0192,0.0,0.0,0.004,0.76,0.788,0.788,0.408,0.124,0.0,0.016,-0.04506744062900543,0.8079190850257874,5.958333333333333,10.416666666666666,12.0,0.232,0.3411972101972102,0.5416666666666666,0.4583333333333333,0.041666666666666664,0.041666666666666664,0.375,0.4166666666666667,0.375,0.3333333333333333,0.3333333333333333,0.625,1.0,250.0,142.0,24.0,24.0,24.0,8.0,192.0,192.0,0.0,0.05267966947924923,0.009043907405624926,0.6907775337007683,0.043635761278085446,0.06444192865942928,1.0,train,1,14,2026-04-22T13:50:03.607237+00:00,,Stage 2,2,14,119,2026-04-22 13:50:03.607237+00:00
0.035642424242424246,0.3321216339216339,0.58,0.79,0.4432,0.04551620202020203,0.3225904761904762,0.3321216339216339,0.584,0.58,0.79,0.009531157731157733,-0.004,-0.018,0.4512,-0.008000000000000002,0.0,0.9029333333333333,0.0096,0.0034222222222222223,0.0,0.0,0.544,0.58,0.58,0.064,0.004,0.0,0.008,-0.057450623378157616,0.7423399090766907,6.083333333333333,10.416666666666666,12.0,0.232,0.2625530303030303,0.4583333333333333,0.5416666666666666,0.0,0.0,0.4166666666666667,0.5833333333333334,0.5416666666666666,0.4166666666666667,0.4166666666666667,0.5833333333333334,1.0,250.0,130.0,24.0,24.0,24.0,8.0,192.0,192.0,0.0,0.03793608467452801,-0.008744940161705017,0.6569835259364202,0.04668102698129727,0.07230528763891336,1.0,train,1,15,2026-04-22T13:53:39.251593+00:00,,Stage 2,2,15,120,2026-04-22 13:53:39.251593+00:00
0.003271432592175629,0.26538187302893185,0.6274509803921569,0.6666666666666666,0.3641176470588235,0.03150672670982269,0.2657648646503135,0.26538187302893185,0.6431372549019608,0.6274509803921569,0.6666666666666666,-0.0003829916213817142,-0.01568627450980392,-0.00784313725490196,0.3686274509803922,-0.004509803921568627,0.0,0.9613725490196079,0.028235294117647056,0.0,0.0,0.0,0.6039215686274509,0.6274509803921569,0.6274509803921569,0.16470588235294117,0.00784313725490196,0.0,0.023529411764705882,-0.1126422866302378,0.6655473709106445,6.125,10.625,12.0,0.24705882352941178,0.38205765993265994,0.375,0.625,0.0,0.0,0.5416666666666666,0.5833333333333334,0.5416666666666666,0.5416666666666666,0.5416666666666666,0.4583333333333333,1.0,255.0,99.0,24.0,24.0,24.0,8.0,192.0,192.0,0.0,0.05154416326320532,-0.0004053621581106475,0.7349826187798472,0.05194952765202169,0.07003344032925377,1.0,train,1,16,2026-04-22T13:57:07.960504+00:00,,Stage 2,2,16,121,2026-04-22 13:57:07.960504+00:00
-0.04723293835077891,0.19798485881593467,0.45075757575757575,0.553030303030303,0.2715909090909091,0.017070091952251395,0.20238095238095238,0.19798485881593467,0.4696969696969697,0.45075757575757575,0.553030303030303,-0.004396093565017714,-0.01893939393939394,-0.022727272727272728,0.2821969696969697,-0.010606060606060605,0.0,0.9210227272727273,0.06363636363636364,0.0017045454545454547,0.0,0.003787878787878788,0.4621212121212121,0.45075757575757575,0.45075757575757575,0.045454545454545456,0.03409090909090909,0.0,0.05303030303030303,-0.054401146191539185,0.6270807981491089,6.125,11.0,12.0,0.2727272727272727,0.22631146903205726,0.375,0.625,0.0,0.0,0.5833333333333334,0.6666666666666666,0.625,0.5833333333333334,0.5833333333333334,0.4166666666666667,1.0,264.0,96.0,24.0,24.0,24.0,8.0,192.0,192.0,0.0,0.04679938917979598,0.00378603907302022,0.6819319602412482,0.043013352681100514,0.06292199771589317,1.0,train,1,17,2026-04-22T14:00:23.053997+00:00,,Stage 2,2,17,122,2026-04-22 14:00:23.053997+00:00
0.02688124193058404,0.17813176406926406,0.7765151515151515,0.8522727272727273,0.3229166666666667,0.04506306011240222,0.16449796548480758,0.17813176406926406,0.7424242424242424,0.7765151515151515,0.8522727272727273,0.013633798584456479,0.03409090909090909,-0.011363636363636364,0.3068181818181818,0.016098484848484848,0.0,0.9213383838383838,0.01818181818181818,0.0,0.0,0.0,0.7689393939393939,0.7765151515151515,0.7765151515151515,0.2196969696969697,0.04924242424242424,0.0,0.015151515151515152,-0.027200677008791405,0.6516346335411072,6.416666666666667,11.0,12.0,0.2727272727272727,0.24931051587301586,0.25,0.75,0.0,0.0,0.5416666666666666,0.5416666666666666,0.5416666666666666,0.5416666666666666,0.5416666666666666,0.4583333333333333,1.0,264.0,108.0,24.0,24.0,24.0,8.0,192.0,192.0,0.0,0.043735462344355054,0.003655339487724834,0.754487511391441,0.040080126844335005,0.0538336661079819,1.0,train,1,18,2026-04-22T14:03:50.592238+00:00,,Stage 2,2,18,123,2026-04-22 14:03:50.592238+00:00
-0.006309910124870753,0.18788865334140925,0.49606299212598426,0.6358267716535433,0.3177165354330709,0.03170233834407063,0.1998329754235266,0.18788865334140925,0.47244094488188976,0.49606299212598426,0.6358267716535433,-0.011944322082117357,0.023622047244094488,0.005905511811023622,0.3283464566929134,-0.010629921259842521,0.0,0.8895231846019248,0.03779527559055118,0.002712160979877516,0.0,0.0,0.5118110236220472,0.5118110236220472,0.5118110236220472,0.16929133858267717,0.05511811023622047,0.0,0.031496062992125984,-4.1128524879770954e-08,0.6833053827285767,6.333333333333333,10.583333333333334,12.0,0.2440944881889764,0.09629166666666668,0.375,0.625,0.0,0.0,0.5,0.7083333333333334,0.5833333333333334,0.5,0.5,0.5,1.0,254.0,110.0,24.0,24.0,24.0,8.0,192.0,192.0,0.0,0.05032319142059846,-0.002139323221688921,0.704744623279707,0.052462516314798535,0.07124045904504586,1.0,train,1,19,2026-04-22T14:06:53.623569+00:00,,Stage 2,2,19,124,2026-04-22 14:06:53.623569+00:00
0.02370086686593062,0.3234061807870799,0.5399239543726235,0.7642585551330798,0.4134980988593156,0.051858027829175236,0.29647095616677366,0.3234061807870799,0.5475285171102662,0.5399239543726235,0.7642585551330798,0.026935224620306262,-0.0076045627376425855,-0.011406844106463879,0.4022813688212928,0.011216730038022812,0.0,0.947084917617237,0.027376425855513305,0.0031051964512040565,0.0,0.0038022813688212928,0.5247148288973384,0.5399239543726235,0.5399239543726235,0.11787072243346007,0.015209125475285171,0.0,0.022813688212927757,-0.1433797895681722,0.5833873152732849,6.375,10.958333333333334,12.0,0.26996197718631176,0.2112139037433155,0.2916666666666667,0.7083333333333334,0.0,0.0,0.6666666666666666,0.7083333333333334,0.6666666666666666,0.6666666666666666,0.6666666666666666,0.3333333333333333,1.0,263.0,71.0,24.0,24.0,24.0,8.0,192.0,192.0,0.0,0.04074416865765209,0.0005066621471458757,0.7069887367772384,0.04023750471918595,0.058715802869744,1.0,train,1,20,2026-04-22T14:10:12.296682+00:00,,Stage 2,2,20,125,2026-04-22 14:10:12.296682+00:00
0.012502806280406904,0.19606589181802028,0.4716666666666666,0.57875,0.28650000000000003,0.03967954813504349,0.18192253001985975,0.19606589181802028,0.46041666666666664,0.4716666666666666,0.57875,0.01414336179816056,0.01125,0.0075,0.27837500000000004,0.008125,0.0,0.8907440998329156,0.026999999999999996,0.0022092731829573935,0.0,0.0,,0.4825,0.4825,0.1425,0.035,0.0,0.0225,,,,,,,,,,,,,,,,,,,,,,,,,,,,,,,,,,eval,1,20,2026-04-22T14:11:52.892248+00:00,400.0,Stage 2,2,21,126,2026-04-22 14:11:52.892248+00:00
0.0029362673298984738,0.303159134467184,0.6932773109243697,0.8529411764705882,0.46995798319327736,0.041513298142223404,0.32032813125250104,0.303159134467184,0.680672268907563,0.6932773109243697,0.8529411764705882,-0.017168996785316998,0.012605042016806723,0.004201680672268907,0.4966386554621849,-0.026680672268907565,0.0,0.8987094837935173,0.037815126050420166,0.002170868347338936,0.0,0.004201680672268907,0.6722689075630253,0.7142857142857143,0.7142857142857143,0.13445378151260504,0.06302521008403361,0.0,0.03361344537815126,-0.03017198927543995,0.8149865865707397,6.333333333333333,9.916666666666666,12.0,0.19327731092436976,0.40271296296296294,0.5416666666666666,0.4583333333333333,0.0,0.0,0.2916666666666667,0.4166666666666667,0.3333333333333333,0.2916666666666667,0.2916666666666667,0.7083333333333334,1.0,238.0,154.0,24.0,24.0,24.0,8.0,192.0,192.0,0.0,0.07023938136876791,0.006016394220195807,0.7349199562926184,0.06422298841846294,0.08437607837144687,1.0,train,1,21,2026-04-22T14:15:29.383658+00:00,,Stage 2,2,22,127,2026-04-22 14:15:29.383658+00:00
0.0008745825075748383,0.18750614616982902,0.5533596837944664,0.6284584980237155,0.2859683794466403,0.03901951004380672,0.18038440672711772,0.18750614616982902,0.5573122529644269,0.5533596837944664,0.6284584980237155,0.007121739442711311,-0.003952569169960474,0.04743083003952569,0.27964426877470355,0.006324110671936759,0.0,0.9001505740636175,0.03794466403162055,0.002503293807641634,0.0,0.0,0.616600790513834,0.5770750988142292,0.5770750988142292,0.22529644268774704,0.05138339920948617,0.0,0.03162055335968379,-0.08514962660465315,0.7545827031135559,6.541666666666667,10.541666666666666,12.0,0.24110671936758893,0.38288194444444446,0.375,0.625,0.0,0.0,0.4166666666666667,0.5416666666666666,0.5,0.4166666666666667,0.4166666666666667,0.5833333333333334,1.0,253.0,133.0,24.0,24.0,24.0,8.0,192.0,192.0,0.0,0.044264406189882664,0.006509153914630861,0.7624609394181043,0.03775525154940323,0.050741079791766334,1.0,train,1,22,2026-04-22T14:18:46.805546+00:00,,Stage 2,2,23,128,2026-04-22 14:18:46.805546+00:00
-0.05124847423903269,0.2370738391780979,0.4732824427480916,0.49427480916030536,0.3095419847328244,0.004491983776234481,0.24964797489907978,0.2370738391780979,0.5152671755725191,0.4732824427480916,0.49427480916030536,-0.012574135720981842,-0.04198473282442748,-0.06679389312977099,0.33969465648854963,-0.03015267175572519,0.0,0.9214376590330788,0.054961832061068694,0.0030534351145038168,0.0,0.003816793893129771,0.4389312977099237,0.4847328244274809,0.4847328244274809,0.08015267175572519,0.003816793893129771,0.0,0.04961832061068702,-0.13704093807298717,0.7166645526885986,7.083333333333333,10.916666666666666,12.0,0.26717557251908397,0.31983333333333336,0.4583333333333333,0.5416666666666666,0.0,0.0,0.5,0.7083333333333334,0.5833333333333334,0.5,0.5,0.5,1.0,262.0,118.0,24.0,24.0,24.0,8.0,192.0,192.0,0.0,0.06853103549298593,-0.00035574198779413254,0.681981912356312,0.06888677399177341,0.09364371296098419,1.0,train,1,23,2026-04-22T14:22:03.635454+00:00,,Stage 2,2,24,129,2026-04-22 14:22:03.635454+00:00
0.05786363068252833,0.3230736782902137,0.7401574803149606,0.7440944881889764,0.45137795275590553,0.0631549692652055,0.2867596095942553,0.3230736782902137,0.7440944881889764,0.7401574803149606,0.7440944881889764,0.03631406869595846,-0.003937007874015748,0.0,0.4496062992125984,0.0017716535433070838,0.0,0.954002624671916,0.004724409448818898,0.00019685039370078734,0.0,0.003937007874015748,0.6614173228346457,0.7401574803149606,0.7401574803149606,0.16535433070866143,0.0,0.0,0.003937007874015748,-0.09191730665409659,0.6963791251182556,6.166666666666667,10.583333333333334,12.0,0.2440944881889764,0.16900462962962962,0.375,0.625,0.041666666666666664,0.041666666666666664,0.5,0.625,0.5833333333333334,0.4583333333333333,0.4583333333333333,0.5,1.0,254.0,110.0,24.0,24.0,24.0,8.0,192.0,192.0,0.0,0.039436685632575644,0.005013182081959464,0.7589882865548134,0.03442350108419884,0.049083823349742865,1.0,train,1,24,2026-04-22T14:25:26.026276+00:00,,Stage 2,2,25,130,2026-04-22 14:25:26.026276+00:00
0.02597313700254877,0.20228474272591918,0.4864864864864865,0.6138996138996139,0.3054054054054054,0.0360992631286749,0.19961389961389964,0.20228474272591918,0.47876447876447875,0.4864864864864865,0.6138996138996139,0.0026708431120195807,0.007722007722007722,0.015444015444015444,0.3027027027027027,0.002702702702702704,0.0,0.9034105534105533,0.009266409266409266,0.003989703989703991,0.0,0.003861003861003861,0.49034749034749037,0.4864864864864865,0.4864864864864865,0.14285714285714285,0.015444015444015444,0.0,0.007722007722007722,-0.02772584629450065,0.7738425731658936,7.0,10.791666666666666,12.0,0.25868725868725867,0.21867960239651416,0.3333333333333333,0.6666666666666666,0.0,0.0,0.375,0.5416666666666666,0.5,0.375,0.375,0.625,1.0,259.0,151.0,24.0,24.0,24.0,8.0,192.0,192.0,0.0,0.05821216560357454,0.004163168370723724,0.7180164810146717,0.05404899743445748,0.07260075237245944,1.0,train,1,25,2026-04-22T14:28:52.544126+00:00,,Stage 2,2,26,131,2026-04-22 14:28:52.544126+00:00
0.008918735061592215,0.35065092565092565,0.6293436293436293,0.8635778635778636,0.4474903474903475,0.08893932708218423,0.30700213557356415,0.35065092565092565,0.555984555984556,0.6293436293436293,0.8635778635778636,0.043648790077361506,0.07335907335907337,0.03346203346203346,0.40540540540540543,0.04208494208494209,0.0,0.911003861003861,0.07876447876447876,0.008944658944658946,0.0,0.003861003861003861,0.6640926640926641,0.6602316602316602,0.6602316602316602,0.25096525096525096,0.138996138996139,0.0,0.06563706563706563,-0.05545153811171248,0.7528526186943054,5.875,10.791666666666666,12.0,0.25868725868725867,0.31851587301587303,0.4166666666666667,0.5833333333333334,0.0,0.0,0.4166666666666667,0.625,0.4583333333333333,0.4166666666666667,0.4166666666666667,0.5833333333333334,1.0,259.0,139.0,24.0,24.0,24.0,8.0,192.0,192.0,0.0,0.054950667907008165,0.006372305129071791,0.7450535396020189,0.048578364814576364,0.06572508273118961,1.0,train,1,26,2026-04-22T14:32:12.271597+00:00,,Stage 2,2,27,132,2026-04-22 14:32:12.271597+00:00
-0.013609721308394827,0.14576767594161405,0.50418410041841,0.7154811715481172,0.23347280334728032,0.03669990212256752,0.14398720758553396,0.14576767594161405,0.4476987447698745,0.50418410041841,0.7154811715481172,0.0017804683560801021,0.056485355648535567,0.0,0.2190376569037657,0.014435146443514645,0.0,0.86385734210002,0.0502092050209205,0.0012552301255230125,0.0,0.0,0.5104602510460251,0.5564853556485355,0.5564853556485355,0.200836820083682,0.100418410041841,0.0,0.04184100418410042,-0.030045804555944817,0.7517938613891602,6.083333333333333,9.958333333333334,12.0,0.19665271966527198,0.3763677314758971,0.5416666666666666,0.4583333333333333,0.0,0.0,0.375,0.375,0.375,0.375,0.375,0.625,1.0,239.0,131.0,24.0,24.0,24.0,8.0,192.0,192.0,0.0,0.0521544594004864,0.002736171465793639,0.770741629919023,0.04941828904052724,0.0670560291305037,1.0,train,1,27,2026-04-22T14:35:07.673912+00:00,,Stage 2,2,28,133,2026-04-22 14:35:07.673912+00:00
0.013034830294439996,0.13667434532307388,0.45318352059925093,0.5805243445692884,0.20767790262172287,0.032076028796312654,0.1297649554598106,0.13667434532307388,0.4044943820224719,0.45318352059925093,0.5805243445692884,0.006909389863263311,0.04868913857677903,-0.018726591760299626,0.19775280898876407,0.009925093632958801,0.0,0.9227840199750312,0.01797752808988764,0.006741573033707865,0.0,0.003745318352059925,0.45318352059925093,0.45318352059925093,0.45318352059925093,0.13108614232209737,0.06367041198501873,0.0,0.0149812734082397,-0.026895169126853514,0.621415376663208,6.791666666666667,11.125,12.0,0.2808988764044944,0.2580541616035037,0.2916666666666667,0.7083333333333334,0.0,0.0,0.5833333333333334,0.6666666666666666,0.6666666666666666,0.5833333333333334,0.5833333333333334,0.4166666666666667,1.0,267.0,99.0,24.0,24.0,24.0,8.0,192.0,192.0,0.0,0.05915338252529954,-0.0010895927747090657,0.7805129620763991,0.06024297292734822,0.07390139285526652,1.0,train,1,28,2026-04-22T14:38:38.573571+00:00,,Stage 2,2,29,134,2026-04-22 14:38:38.573571+00:00
0.011671342438784302,0.10301194283752424,0.39147286821705424,0.5426356589147286,0.17189922480620157,0.016365325458348717,0.11070981129120663,0.10301194283752424,0.3488372093023256,0.39147286821705424,0.5426356589147286,-0.007697868453682408,0.04263565891472868,-0.03875968992248062,0.18604651162790697,-0.014147286821705426,0.0,0.9244462901439646,0.004651162790697674,0.0005352528608342565,0.0,0.0,0.3449612403100775,0.39147286821705424,0.39147286821705424,0.09302325581395349,0.046511627906976744,0.0,0.003875968992248062,-0.03482598724753358,0.6831696629524231,6.625,10.75,12.0,0.2558139534883721,0.13399834656084655,0.3333333333333333,0.6666666666666666,0.041666666666666664,0.041666666666666664,0.5,0.7083333333333334,0.5833333333333334,0.4583333333333333,0.4583333333333333,0.5,1.0,258.0,114.0,24.0,24.0,24.0,8.0,192.0,192.0,0.0,0.06282743876963331,0.008946715739735385,0.7273175609216356,0.0538807249274549,0.0708265297579373,1.0,train,1,29,2026-04-22T14:41:58.835547+00:00,,Stage 2,2,30,135,2026-04-22 14:41:58.835547+00:00
-0.02381015367295243,0.22270338278852211,0.656,0.768,0.328,0.034349846327047566,0.21095367831343062,0.22270338278852211,0.668,0.656,0.768,0.011749704475091473,-0.012,-0.012,0.3128,0.0152,0.0,0.9444,0.05759999999999999,0.0,0.0,0.004,0.636,0.656,0.656,0.104,0.036,0.0,0.048,-0.057447597086429596,0.7423454523086548,6.291666666666667,10.416666666666666,12.0,0.232,0.484204002095256,0.5,0.5,0.0,0.0,0.4166666666666667,0.4583333333333333,0.4583333333333333,0.4166666666666667,0.4166666666666667,0.5833333333333334,1.0,250.0,130.0,24.0,24.0,24.0,8.0,192.0,192.0,0.0,0.05072349493320172,0.0046130155141537,0.7757574546795625,0.0461104785707833,0.061796374729860395,1.0,train,1,30,2026-04-22T14:44:52.664718+00:00,,Stage 2,2,31,136,2026-04-22 14:44:52.664718+00:00
0.008125267653493461,0.17613301796769537,0.4274193548387097,0.5040322580645161,0.25564516129032255,0.028277341386212355,0.1581989247311828,0.17613301796769537,0.41935483870967744,0.4274193548387097,0.5040322580645161,0.017934093236512592,0.008064516129032258,-0.05241935483870968,0.26693548387096777,-0.011290322580645166,0.0,0.8706125192012288,0.01935483870967742,0.002908986175115208,0.0,0.004032258064516129,0.43548387096774194,0.49193548387096775,0.49193548387096775,0.14516129032258066,0.024193548387096774,0.0,0.016129032258064516,-0.09414111599776774,0.7857699394226074,6.833333333333333,10.333333333333334,12.0,0.22580645161290322,0.2606791125541125,0.4166666666666667,0.5833333333333334,0.0,0.0,0.375,0.5,0.4583333333333333,0.375,0.375,0.625,1.0,248.0,140.0,24.0,24.0,24.0,8.0,192.0,192.0,0.0,0.07005977731730256,4.8934761434793475e-05,0.7607522017056388,0.07001084366685453,0.08716754613451153,1.0,train,1,31,2026-04-22T14:47:53.519751+00:00,,Stage 2,2,32,137,2026-04-22 14:47:53.519751+00:00
0.03386537143640351,0.09533905564692982,0.2109375,0.36328125,0.137109375,0.04329766310307018,0.08020833333333333,0.09533905564692982,0.171875,0.2109375,0.36328125,0.015130722313596492,0.0390625,0.08203125,0.1234375,0.013671874999999998,0.0,0.8411737351190476,0.009375,0.0007161458333333334,0.0,0.0,0.30078125,0.2109375,0.2109375,0.09375,0.046875,0.0,0.0078125,0.028050636523403227,0.5593512654304504,6.875,10.666666666666666,12.0,0.25,0.14261659356725145,0.3333333333333333,0.6666666666666666,0.0,0.0,0.625,0.7916666666666666,0.625,0.625,0.625,0.375,1.0,256.0,76.0,24.0,24.0,24.0,8.0,192.0,192.0,0.0,0.045318174322969036,-0.008748754466834822,0.7078555873350093,0.05406692734677084,0.07250520784827447,1.0,train,1,32,2026-04-22T14:50:37.974623+00:00,,Stage 2,2,33,138,2026-04-22 14:50:37.974623+00:00
-0.08354324815164413,0.13012134818212515,0.43253968253968256,0.6626984126984127,0.2115079365079365,0.011694847086451098,0.1451007326007326,0.13012134818212515,0.4603174603174603,0.43253968253968256,0.6626984126984127,-0.014979384418607477,-0.027777777777777776,0.027777777777777776,0.2238095238095238,-0.0123015873015873,0.0,0.9503306878306877,0.09523809523809523,0.0,0.0,0.0,0.49206349206349204,0.43253968253968256,0.43253968253968256,0.09126984126984126,0.051587301587301584,0.0,0.07936507936507936,0.04393363010788721,0.637213408946991,6.041666666666667,10.5,12.0,0.23809523809523808,0.22633689969874182,0.375,0.625,0.0,0.0,0.5833333333333334,0.5833333333333334,0.5833333333333334,0.5833333333333334,0.5833333333333334,0.4166666666666667,1.0,252.0,84.0,24.0,24.0,24.0,8.0,192.0,192.0,0.0,0.0742793157696724,0.010581834685234796,0.8115809268894649,0.06369748588674286,0.07434263604484509,1.0,train,1,33,2026-04-22T14:53:21.751230+00:00,,Stage 2,2,34,139,2026-04-22 14:53:21.751230+00:00
0.021962647617942685,0.15038973793493682,0.5190839694656488,0.5763358778625954,0.24064885496183205,0.03276162980623785,0.15950198830755635,0.15038973793493682,0.4580152671755725,0.5190839694656488,0.5763358778625954,-0.009112250372619526,0.061068702290076333,0.0,0.22519083969465647,0.015458015267175575,0.0,0.9002241609111838,0.00916030534351145,0.0004452926208651401,0.0,0.011450381679389313,0.5114503816793893,0.5419847328244275,0.5419847328244275,0.24045801526717558,0.06870229007633588,0.0,0.007633587786259542,-0.027408206451485177,0.7154248356819153,7.041666666666667,10.916666666666666,12.0,0.26717557251908397,0.1574207361838941,0.375,0.625,0.0,0.0,0.4583333333333333,0.625,0.625,0.4583333333333333,0.4583333333333333,0.5416666666666666,1.0,262.0,130.0,24.0,24.0,24.0,8.0,192.0,192.0,0.0,0.06903551885714898,0.006580141415962806,0.6957312923211317,0.06245537536499167,0.08605015179970865,1.0,train,1,34,2026-04-22T14:56:46.542247+00:00,,Stage 2,2,35,140,2026-04-22 14:56:46.542247+00:00
-0.019464364742762304,0.13639423667948009,0.3297413793103448,0.5646551724137931,0.18642241379310345,0.024731037556088267,0.1620689655172414,0.13639423667948009,0.27586206896551724,0.3297413793103448,0.5646551724137931,-0.025674728837761295,0.05387931034482758,0.04741379310344827,0.20862068965517241,-0.022198275862068965,0.0,0.8607758620689655,0.04396551724137931,0.002873563218390805,0.0,0.0,0.30603448275862066,0.36637931034482757,0.36637931034482757,0.09051724137931035,0.09051724137931035,0.0,0.05172413793103448,4.02074435661579e-08,0.7987052202224731,6.25,9.666666666666666,12.0,0.1724137931034483,0.36630671915230734,0.5833333333333334,0.4166666666666667,0.0,0.0,0.2916666666666667,0.5,0.375,0.2916666666666667,0.2916666666666667,0.7083333333333334,1.0,232.0,148.0,24.0,24.0,24.0,8.0,192.0,192.0,0.0,0.06573820798783689,0.0017198196335418805,0.8361004219465965,0.06401838788391419,0.0744977187153166,1.0,train,1,35,2026-04-22T14:59:18.874205+00:00,,Stage 2,2,36,141,2026-04-22 14:59:18.874205+00:00
-0.0076863881167169,0.2884312728698772,0.6615969581749049,0.7946768060836502,0.3979087452471483,0.024856070691901603,0.30750010445827936,0.2884312728698772,0.6844106463878327,0.6615969581749049,0.7946768060836502,-0.019068831588402155,-0.022813688212927757,0.0,0.4250950570342205,-0.027186311787072245,0.0,0.937905124026797,0.03193916349809886,0.0008871989860583019,0.0,0.0038022813688212928,0.5703422053231939,0.6615969581749049,0.6615969581749049,0.10646387832699619,0.0038022813688212928,0.0,0.026615969581749048,-0.05460854061656125,0.7486464977264404,6.208333333333333,10.958333333333334,12.0,0.26996197718631176,0.19416728913787737,0.3333333333333333,0.6666666666666666,0.041666666666666664,0.041666666666666664,0.4583333333333333,0.6666666666666666,0.5416666666666666,0.4166666666666667,0.4166666666666667,0.5416666666666666,1.0,263.0,131.0,24.0,24.0,24.0,8.0,192.0,192.0,0.0,0.06769985927425268,-0.0016601128887584191,0.6659616575441287,0.06935997241650324,0.09711777233282012,1.0,train,1,36,2026-04-22T15:02:26.075118+00:00,,Stage 2,2,37,142,2026-04-22 15:02:26.075118+00:00
0.014286707853309545,0.2601007967317259,0.522633744855967,0.7407407407407407,0.3325102880658436,0.05409466395756194,0.25040624670254297,0.2601007967317259,0.4897119341563786,0.522633744855967,0.7407407407407407,0.009694550029182908,0.03292181069958848,0.053497942386831275,0.3325102880658436,4.568819031379245e-19,0.0,0.8696257103664511,0.03950617283950617,0.0037722908093278467,0.0,0.0,0.5390946502057613,0.522633744855967,0.522633744855967,0.24691358024691357,0.06584362139917696,0.0,0.03292181069958848,-0.02955117367913203,0.747228741645813,5.875,10.125,12.0,0.20987654320987653,0.5405443121693122,0.5,0.5,0.0,0.0,0.4166666666666667,0.5416666666666666,0.4166666666666667,0.4166666666666667,0.4166666666666667,0.5833333333333334,1.0,243.0,123.0,24.0,24.0,24.0,8.0,192.0,192.0,0.0,0.07655665920517309,0.0005258241804634653,0.7939562097312959,0.07603083016011083,0.09061925374151872,1.0,train,1,37,2026-04-22T15:04:57.541616+00:00,,Stage 2,2,38,143,2026-04-22 15:04:57.541616+00:00
0.05025791203588639,0.31361485626191504,0.6023166023166023,0.7297297297297297,0.37779922779922775,0.06436859414656851,0.2580277914864381,0.31361485626191504,0.61003861003861,0.6023166023166023,0.7297297297297297,0.05558706477547699,-0.007722007722007722,-0.003861003861003861,0.34266409266409265,0.03513513513513514,0.0,0.9034749034749034,0.013899613899613899,0.0026383526383526386,0.0,0.0,0.5907335907335908,0.6023166023166023,0.6023166023166023,0.16216216216216217,0.003861003861003861,0.0,0.011583011583011582,-0.12285256397309911,0.6828901171684265,6.541666666666667,10.791666666666666,12.0,0.25868725868725867,0.2550584026539909,0.3333333333333333,0.6666666666666666,0.0,0.0,0.5416666666666666,0.5833333333333334,0.5416666666666666,0.5416666666666666,0.5416666666666666,0.4583333333333333,1.0,259.0,103.0,24.0,24.0,24.0,8.0,192.0,192.0,0.0,0.060551659574786434,-0.004260445972090786,0.6565945620097003,0.06481210139612001,0.09627920384698019,1.0,train,1,38,2026-04-22T15:07:58.441702+00:00,,Stage 2,2,39,144,2026-04-22 15:07:58.441702+00:00
0.005624016872689559,0.25412136083913306,0.7319148936170212,0.8099290780141845,0.4238297872340426,0.03287508070247679,0.2619857037326242,0.25412136083913306,0.7503546099290781,0.7319148936170212,0.8099290780141845,-0.007864342893491172,-0.018439716312056736,-0.00851063829787234,0.4025531914893617,0.02127659574468085,0.0,0.9221631205673759,0.027234042553191486,0.00021276595744680845,0.0,0.0,0.6723404255319149,0.7531914893617021,0.7531914893617021,0.2425531914893617,0.00425531914893617,0.0,0.0425531914893617,6.594556443234707e-09,0.8015939593315125,6.166666666666667,9.791666666666666,12.0,0.1829787234042553,0.3697226342557225,0.5833333333333334,0.4166666666666667,0.0,0.0,0.2916666666666667,0.4166666666666667,0.2916666666666667,0.2916666666666667,0.2916666666666667,0.7083333333333334,0.9583333333333334,235.0,151.0,24.0,24.0,24.0,8.0,192.0,192.0,0.0,0.05183116617976435,-0.0022153343191210007,0.7534678615876381,0.054046502684611926,0.06930642697989241,1.0,train,1,39,2026-04-22T15:10:55.695684+00:00,,Stage 2,2,40,145,2026-04-22 15:10:55.695684+00:00
0.044217153555826325,0.2280700230356981,0.5098814229249012,0.6541501976284585,0.33814229249011857,0.04897604683645874,0.21593913333043765,0.2280700230356981,0.49407114624505927,0.5098814229249012,0.6541501976284585,0.012130889705260415,0.015810276679841896,0.03359683794466403,0.3175889328063241,0.020553359683794466,0.0,0.955966497270845,0.004743083003952569,0.00019762845849802366,0.0,0.0,0.5652173913043478,0.525691699604743,0.525691699604743,0.16600790513833993,0.019762845849802372,0.0,0.003952569169960474,0.007130627457803417,0.6887340545654297,6.0,10.541666666666666,12.0,0.24110671936758893,0.14843995405179614,0.375,0.625,0.041666666666666664,0.041666666666666664,0.5,0.6666666666666666,0.5416666666666666,0.4583333333333333,0.4583333333333333,0.5,1.0,253.0,109.0,24.0,24.0,24.0,8.0,192.0,192.0,0.0,0.044076716407723385,0.0024922963129271063,0.7733192085672956,0.04158442220615902,0.05423821356187308,1.0,train,1,40,2026-04-22T15:14:02.109923+00:00,,Stage 2,2,41,146,2026-04-22 15:14:02.109923+00:00
0.02557479980588727,0.196258695542074,0.48166666666666663,0.59,0.288875,0.04401730607155143,0.18192253001985975,0.196258695542074,0.46041666666666664,0.48166666666666663,0.59,0.014336165522214284,0.02125,0.01875,0.27837500000000004,0.0105,0.0,0.9001631161236425,0.018,0.0011563283208020053,0.0,0.0025,,0.4925,0.4925,0.14,0.0375,0.0,0.015,,,,,,,,,,,,,,,,,,,,,,,,,,,,,,,,,,eval,1,40,2026-04-22T15:15:44.733058+00:00,400.0,Stage 2,2,42,147,2026-04-22 15:15:44.733058+00:00
0.035224154160309114,0.32511527503598786,0.6280487804878049,0.741869918699187,0.4058943089430894,0.0548444315395535,0.3329582225130817,0.32511527503598786,0.5934959349593496,0.6280487804878049,0.741869918699187,-0.007842947477093819,0.034552845528455285,0.06707317073170732,0.4034552845528455,0.002439024390243902,0.0,0.8917304320102025,0.01951219512195122,0.0013510282161645147,0.0,0.0,0.6219512195121951,0.6300813008130082,0.6300813008130082,0.17886178861788618,0.052845528455284556,0.0,0.016260162601626018,-0.08757249726270272,0.7462775707244873,6.666666666666667,10.25,12.0,0.21951219512195122,0.33164071739807033,0.5416666666666666,0.4583333333333333,0.0,0.0,0.4166666666666667,0.5833333333333334,0.4583333333333333,0.4166666666666667,0.4166666666666667,0.5833333333333334,1.0,246.0,126.0,24.0,24.0,24.0,8.0,192.0,192.0,0.0,0.06955085612005657,0.0047514041264851885,0.6914084272252189,0.06479945246200447,0.08875211128712578,1.0,train,1,41,2026-04-22T15:18:29.979931+00:00,,Stage 2,2,43,148,2026-04-22 15:18:29.979931+00:00
-0.018309003131371546,0.14846931183975717,0.5153846153846153,0.5653846153846154,0.25576923076923075,0.028573048150679736,0.12998563936063937,0.14846931183975717,0.5538461538461539,0.5153846153846153,0.5653846153846154,0.018483672479117825,-0.038461538461538464,0.011538461538461539,0.23384615384615384,0.021923076923076924,0.0,0.8842399267399267,0.046153846153846156,0.002371794871794872,0.0,0.0038461538461538464,0.5346153846153846,0.5153846153846153,0.5153846153846153,0.26153846153846155,0.0,0.0,0.038461538461538464,-0.06533575287232032,0.69945228099823,6.75,10.833333333333334,12.0,0.26153846153846155,0.18398809523809523,0.3333333333333333,0.6666666666666666,0.0,0.0,0.5,0.7083333333333334,0.625,0.5,0.5,0.5,1.0,260.0,116.0,24.0,24.0,24.0,8.0,192.0,192.0,0.0,0.07758717405898817,0.001616591780350126,0.6155087744881367,0.07597058199926637,0.11470648625655429,1.0,train,1,42,2026-04-22T15:21:58.162003+00:00,,Stage 2,2,44,149,2026-04-22 15:21:58.162003+00:00
-0.041492505576084415,0.25644528184788346,0.47580645161290325,0.6169354838709677,0.3659274193548387,0.026959107327141386,0.24736604319147015,0.25644528184788346,0.532258064516129,0.47580645161290325,0.6169354838709677,0.009079238656413328,-0.056451612903225805,-0.012096774193548387,0.3661290322580645,-0.0002016129032258056,0.0,0.9255568356374808,0.06774193548387097,0.0018145161290322581,0.0,0.004032258064516129,0.4596774193548387,0.4879032258064516,0.4879032258064516,0.1532258064516129,0.0,0.0,0.06048387096774194,-0.02168062221138708,0.6195908188819885,6.666666666666667,10.333333333333334,12.0,0.22580645161290322,0.43310784313725487,0.4166666666666667,0.5833333333333334,0.0,0.0,0.5833333333333334,0.7083333333333334,0.625,0.5833333333333334,0.5833333333333334,0.4166666666666667,1.0,248.0,80.0,24.0,24.0,24.0,8.0,192.0,192.0,0.0,0.06402609422802925,0.005762003734707833,0.7877318490296602,0.05826409197761677,0.0716362821431811,1.0,train,1,43,2026-04-22T15:24:34.869026+00:00,,Stage 2,2,45,150,2026-04-22 15:24:34.869026+00:00
-0.004089720416468473,0.3150007046843895,0.6679245283018868,0.7735849056603774,0.4056603773584906,0.036664996564663606,0.3023285414794849,0.3150007046843895,0.7018867924528301,0.6679245283018868,0.7735849056603774,0.012672163204904604,-0.033962264150943396,-0.018867924528301886,0.3835849056603774,0.022075471698113205,0.0,0.9238095238095239,0.040754716981132075,0.0,0.0,0.0,0.6679245283018868,0.6679245283018868,0.6679245283018868,0.13584905660377358,0.0,0.0,0.033962264150943396,-0.10158356754284985,0.7123674154281616,6.083333333333333,11.041666666666666,12.0,0.27547169811320754,0.3888835978835979,0.3333333333333333,0.6666666666666666,0.0,0.0,0.5416666666666666,0.625,0.5416666666666666,0.5416666666666666,0.5416666666666666,0.4583333333333333,1.0,265.0,109.0,24.0,24.0,24.0,8.0,192.0,192.0,0.0,0.08102753006537027,0.011231760502955235,0.6811508318973244,0.06979577031931487,0.09380410423255912,1.0,train,1,44,2026-04-22T15:27:39.822898+00:00,,Stage 2,2,46,151,2026-04-22 15:27:39.822898+00:00
0.040433624635871836,0.2312436834908745,0.5243445692883895,0.5599250936329588,0.33632958801498125,0.04503287557220142,0.2247341921499225,0.2312436834908745,0.5056179775280899,0.5243445692883895,0.5599250936329588,0.006509491340952014,0.018726591760299626,0.024344569288389514,0.32284644194756557,0.01348314606741573,0.0,0.9230693775637595,0.00449438202247191,0.001310861423220974,0.0,0.0,0.5767790262172284,0.5243445692883895,0.5243445692883895,0.1198501872659176,0.02247191011235955,0.0,0.003745318352059925,-0.053789851482441364,0.5569503903388977,6.666666666666667,11.125,12.0,0.2808988764044944,0.125140873015873,0.2916666666666667,0.7083333333333334,0.0,0.0,0.6666666666666666,0.8333333333333334,0.7083333333333334,0.6666666666666666,0.6666666666666666,0.3333333333333333,1.0,267.0,75.0,24.0,24.0,24.0,8.0,192.0,192.0,0.0,0.055262296597162884,0.006815073490142823,0.7126849555969238,0.048447231734123006,0.0681276074806759,1.0,train,1,45,2026-04-22T15:30:36.327748+00:00,,Stage 2,2,47,152,2026-04-22 15:30:36.327748+00:00
-0.08652185803049289,0.2257300967261905,0.578125,0.6875,0.3119140625,0.013068171731411863,0.25742742272347535,0.2257300967261905,0.60546875,0.578125,0.6875,-0.03169732599728488,-0.02734375,0.02734375,0.3625,-0.0505859375,0.0,0.9149305555555556,0.0984375,0.000734747023809524,0.0,0.0078125,0.44140625,0.578125,0.578125,0.11328125,0.0546875,0.0,0.08203125,-0.056101170484907925,0.6840497851371765,6.75,10.666666666666666,12.0,0.25,0.3230449735449736,0.4583333333333333,0.5416666666666666,0.0,0.0,0.5,0.5416666666666666,0.5416666666666666,0.5,0.5,0.5,1.0,256.0,112.0,24.0,24.0,24.0,8.0,192.0,192.0,0.0,0.057596694212406874,-0.0024280003271996975,0.7004143682840679,0.0600246952163762,0.08191773178433101,1.0,train,1,46,2026-04-22T15:33:38.318395+00:00,,Stage 2,2,48,153,2026-04-22 15:33:38.318395+00:00
-0.03763122769043821,0.21702480633401686,0.7196969696969697,0.7992424242424242,0.41893939393939394,0.02145968140047088,0.23126318126318124,0.21702480633401686,0.7651515151515151,0.7196969696969697,0.7992424242424242,-0.014238374929164405,-0.045454545454545456,-0.01893939393939394,0.4090909090909091,0.009848484848484855,0.0,0.9249999999999999,0.05909090909090909,0.0,0.0,0.0,0.696969696969697,0.7424242424242424,0.7424242424242424,0.17045454545454544,0.003787878787878788,0.0,0.04924242424242424,-4.7370452772487297e-08,0.5922294855117798,6.583333333333333,11.0,12.0,0.2727272727272727,0.2638324805068226,0.2916666666666667,0.7083333333333334,0.0,0.0,0.625,0.6666666666666666,0.625,0.625,0.625,0.375,1.0,264.0,84.0,24.0,24.0,24.0,8.0,192.0,192.0,0.0,0.058945376780771074,-0.006500632346918185,0.7534118372104353,0.0654460140933571,0.0825182187918325,1.0,train,1,47,2026-04-22T15:36:47.518968+00:00,,Stage 2,2,49,154,2026-04-22 15:36:47.518968+00:00
-0.015760158117300967,0.235715817858675,0.5444015444015444,0.6177606177606177,0.31776061776061776,0.025938683581540726,0.2243695225838083,0.235715817858675,0.5752895752895753,0.5444015444015444,0.6177606177606177,0.011346295274866703,-0.03088803088803089,-0.03088803088803089,0.30405405405405406,0.013706563706563707,0.0,0.9175675675675676,0.04169884169884169,0.0,0.0,0.0,0.5405405405405406,0.5444015444015444,0.5444015444015444,0.13127413127413126,0.003861003861003861,0.0,0.03474903474903475,-0.0831769999389943,0.6977613568305969,6.791666666666667,10.791666666666666,12.0,0.25868725868725867,0.269542328042328,0.375,0.625,0.0,0.0,0.5,0.625,0.5,0.5,0.5,0.5,1.0,259.0,115.0,24.0,24.0,24.0,8.0,192.0,192.0,0.0,0.08025182109812032,0.01343715761018836,0.6915676075479259,0.06681466592556756,0.09218851320336255,1.0,train,1,48,2026-04-22T15:39:53.264741+00:00,,Stage 2,2,50,155,2026-04-22 15:39:53.264741+00:00
0.02622996297414902,0.2707835553765786,0.5852713178294574,0.6472868217054264,0.337015503875969,0.04570283119120329,0.2544125770869957,0.2707835553765786,0.5891472868217055,0.5852713178294574,0.6472868217054264,0.016370978289582942,-0.003875968992248062,0.027131782945736434,0.32403100775193794,0.012984496124031006,0.0,0.8551033591731266,0.018604651162790697,0.004069767441860466,0.0,0.003875968992248062,0.6162790697674418,0.5852713178294574,0.5852713178294574,0.11627906976744186,0.011627906976744186,0.0,0.015503875968992248,-0.111332518185756,0.670504629611969,6.708333333333333,10.75,12.0,0.2558139534883721,0.2794729737854738,0.375,0.625,0.0,0.0,0.5416666666666666,0.6666666666666666,0.5833333333333334,0.5416666666666666,0.5416666666666666,0.4583333333333333,1.0,258.0,102.0,24.0,24.0,24.0,8.0,192.0,192.0,0.0,0.05662640059987704,-0.007905540805236966,0.741648155392385,0.06453194569650234,0.08314394815922975,1.0,train,1,49,2026-04-22T15:42:37.979641+00:00,,Stage 2,2,51,156,2026-04-22 15:42:37.979641+00:00
-0.02102339753344057,0.1936809942010803,0.5203252032520326,0.6585365853658537,0.31056910569105695,0.022944082141356178,0.2224157955865273,0.1936809942010803,0.4715447154471545,0.5203252032520326,0.6585365853658537,-0.02873480138544701,0.04878048780487805,-0.024390243902439025,0.3089430894308943,0.0016260162601626031,0.0,0.963550135501355,0.04390243902439024,0.0008130081300813008,0.0,0.0,0.5203252032520326,0.5203252032520326,0.5203252032520326,0.18699186991869918,0.08536585365853659,0.0,0.036585365853658534,-0.029190758137198968,0.6566962003707886,6.166666666666667,10.25,12.0,0.21951219512195122,0.19112768440709615,0.4583333333333333,0.5416666666666666,0.041666666666666664,0.041666666666666664,0.5,0.7083333333333334,0.5416666666666666,0.4583333333333333,0.4583333333333333,0.5,1.0,246.0,102.0,24.0,24.0,24.0,8.0,192.0,192.0,0.0,0.09401066929978483,0.009855990024173962,0.7204769601424535,0.084154678510922,0.10920445793122395,1.0,train,1,50,2026-04-22T15:45:15.572420+00:00,,Stage 2,2,52,157,2026-04-22 15:45:15.572420+00:00
-0.026115403690930503,0.1798336121375545,0.625,0.6814516129032258,0.2840725806451613,0.018104258367441232,0.19049694902398887,0.1798336121375545,0.6612903225806451,0.625,0.6814516129032258,-0.010663336886434359,-0.036290322580645164,0.020161290322580645,0.2887096774193548,-0.004637096774193545,0.0,0.9170746927803379,0.04354838709677419,0.0013344854070660524,0.0,0.004032258064516129,0.6088709677419355,0.625,0.625,0.20161290322580644,0.0,0.0,0.036290322580645164,-0.06518567113145705,0.6779087781906128,7.0,10.333333333333334,12.0,0.22580645161290322,0.33313194444444444,0.4166666666666667,0.5833333333333334,0.0,0.0,0.5,0.625,0.5,0.5,0.5,0.5,1.0,248.0,104.0,24.0,24.0,24.0,8.0,192.0,192.0,0.0,0.10058692885706058,0.014724572117512044,0.7624100698874547,0.08586235863521534,0.10307745810032948,1.0,train,1,51,2026-04-22T15:47:59.933467+00:00,,Stage 2,2,53,158,2026-04-22 15:47:59.933467+00:00
-0.0033975228475228445,0.21324704616371282,0.5925925925925926,0.6666666666666666,0.31055555555555553,0.0146469215969216,0.2362551029217696,0.21324704616371282,0.6074074074074074,0.5925925925925926,0.6666666666666666,-0.02300805675805676,-0.014814814814814815,-0.007407407407407408,0.32814814814814813,-0.017592592592592594,0.0,0.8789417989417989,0.017777777777777778,0.0033333333333333335,0.0,0.0,0.5444444444444444,0.5925925925925926,0.5925925925925926,0.044444444444444446,0.0,0.0,0.014814814814814815,-0.053192175579843695,0.671731173992157,7.25,11.25,12.0,0.28888888888888886,0.18731096681096682,0.20833333333333334,0.7916666666666666,0.0,0.0,0.5416666666666666,0.5833333333333334,0.5416666666666666,0.5416666666666666,0.5416666666666666,0.4583333333333333,1.0,270.0,114.0,24.0,24.0,24.0,8.0,192.0,192.0,0.0,0.06875957228374063,0.008832889265919986,0.7181123284982485,0.05992667660808493,0.07964077752094494,1.0,train,1,52,2026-04-22T15:51:15.043523+00:00,,Stage 2,2,54,159,2026-04-22 15:51:15.043523+00:00
-0.02558904475768801,0.21610025937587607,0.6411290322580645,0.7782258064516129,0.34254032258064515,0.037599127285322734,0.20935721062618595,0.21610025937587607,0.6330645161290323,0.6411290322580645,0.7782258064516129,0.006743048749690117,0.008064516129032258,-0.012096774193548387,0.3409274193548387,0.001612903225806449,0.0,0.8940860215053764,0.06290322580645161,0.003561827956989247,0.0,0.0,0.6532258064516129,0.6411290322580645,0.6411290322580645,0.1935483870967742,0.06048387096774194,0.0,0.05241935483870968,-0.028955414831157652,0.7622365951538086,7.0,10.333333333333334,12.0,0.22580645161290322,0.37815546218487395,0.5,0.5,0.0,0.0,0.375,0.4583333333333333,0.375,0.375,0.375,0.625,1.0,248.0,140.0,24.0,24.0,24.0,8.0,192.0,192.0,0.0,0.10549897540892873,0.007885546929069927,0.6885687152722052,0.09761342980091285,0.12493490631138117,1.0,train,1,53,2026-04-22T15:54:01.431392+00:00,,Stage 2,2,55,160,2026-04-22 15:54:01.431392+00:00
0.06109306056959487,0.16343762535098275,0.4548736462093863,0.5992779783393501,0.2597472924187726,0.06542519053349378,0.14380573297540805,0.16343762535098275,0.37184115523465705,0.4548736462093863,0.5992779783393501,0.019631892375574684,0.08303249097472924,0.06859205776173286,0.22021660649819494,0.039530685920577624,0.0,0.9108647068935877,0.004332129963898917,0.0,0.0,0.0,0.4981949458483754,0.4548736462093863,0.4548736462093863,0.20216606498194944,0.08664259927797834,0.0,0.0036101083032490976,-0.058361150418485545,0.5363187193870544,7.708333333333333,11.541666666666666,12.0,0.30685920577617326,0.09388194444444443,0.20833333333333334,0.7916666666666666,0.0,0.0,0.75,0.8333333333333334,0.75,0.75,0.75,0.25,1.0,277.0,61.0,24.0,24.0,24.0,8.0,192.0,192.0,0.0,0.07226768856654402,0.0047625159142447296,0.6179467530035582,0.06750517389774045,0.10289934890735772,1.0,train,1,54,2026-04-22T15:56:54.269434+00:00,,Stage 2,2,56,161,2026-04-22 15:56:54.269434+00:00
0.006892842733801346,0.3718720669987727,0.5905349794238683,0.720164609053498,0.4425925925925926,0.0461521019930606,0.36598971405759617,0.3718720669987727,0.6227709190672154,0.5905349794238683,0.720164609053498,0.0058823529411764705,-0.03223593964334705,0.037037037037037035,0.4246913580246914,0.01790123456790124,0.0,0.911522633744856,0.03868312757201646,0.0,0.0,0.00411522633744856,0.6337448559670782,0.6255144032921811,0.6255144032921811,0.12757201646090535,0.0,0.0,0.037037037037037035,-0.14775615096582798,0.7234480977058411,6.166666666666667,10.125,12.0,0.20987654320987653,0.2959537037037037,0.5,0.5,0.0,0.0,0.4583333333333333,0.625,0.4583333333333333,0.4583333333333333,0.4583333333333333,0.5416666666666666,0.9583333333333334,243.0,111.0,24.0,24.0,24.0,8.0,192.0,192.0,0.0,0.09210940040983595,0.004152720307444667,0.7750090067988044,0.08795667758792522,0.10503343564522478,1.0,train,1,55,2026-04-22T15:59:27.755170+00:00,,Stage 2,2,57,162,2026-04-22 15:59:27.755170+00:00
0.03983178328379568,0.21197540849243635,0.7267206477732794,0.8866396761133604,0.4002024291497976,0.0647180549069094,0.18713610950453055,0.21197540849243635,0.708502024291498,0.7267206477732794,0.8866396761133604,0.024839298987905798,0.018218623481781375,0.048582995951417005,0.38522267206477734,0.014979757085020242,0.0,0.9531039136302294,0.024291497975708502,0.00034965034965034965,0.0,0.004048582995951417,0.7530364372469636,0.7368421052631579,0.7368421052631579,0.20242914979757085,0.048582995951417005,0.0,0.020242914979757085,2.7147864523204233e-08,0.75016850233078,6.458333333333333,10.291666666666666,12.0,0.22267206477732793,0.34967824958266136,0.5,0.5,0.0,0.0,0.375,0.4583333333333333,0.4166666666666667,0.375,0.375,0.625,1.0,247.0,139.0,24.0,24.0,24.0,8.0,192.0,192.0,0.0,0.0688143841011061,-0.00532150375757286,0.7318605096648922,0.07413588696923241,0.09529999211522101,1.0,train,1,56,2026-04-22T16:02:36.176486+00:00,,Stage 2,2,58,163,2026-04-22 16:02:36.176486+00:00
-0.0009313600861219864,0.3792319453033739,0.6626984126984127,0.746031746031746,0.4660714285714286,0.03961890446414256,0.37450847212751975,0.3792319453033739,0.6825396825396826,0.6626984126984127,0.746031746031746,0.004723473175854128,-0.01984126984126984,-0.031746031746031744,0.46111111111111114,0.00496031746031746,0.0,0.8923941798941799,0.04047619047619047,0.0009259259259259262,0.0,0.0,0.6666666666666666,0.6626984126984127,0.6626984126984127,0.17857142857142858,0.027777777777777776,0.0,0.03571428571428571,-0.1424788934962144,0.6677671074867249,7.25,10.5,12.0,0.23809523809523808,0.3654974747474748,0.375,0.625,0.0,0.0,0.5416666666666666,0.6666666666666666,0.5833333333333334,0.5416666666666666,0.5416666666666666,0.4583333333333333,1.0,252.0,96.0,24.0,24.0,24.0,8.0,192.0,192.0,0.0,0.06428093897799651,0.007384430849924684,0.7152076286729425,0.05689651322882128,0.0800176848314422,1.0,train,1,57,2026-04-22T16:05:00.922586+00:00,,Stage 2,2,59,164,2026-04-22 16:05:00.922586+00:00
-0.03199901724632784,0.1726869411837368,0.39299610894941633,0.41245136186770426,0.20894941634241246,0.01999875929619578,0.15944478958898733,0.1726869411837368,0.4085603112840467,0.39299610894941633,0.41245136186770426,0.013242151594749443,-0.01556420233463035,-0.027237354085603113,0.2237354085603113,-0.014785992217898836,0.0,0.915805076894571,0.051361867704280154,0.0011395219566425801,0.0,0.0038910505836575876,0.4280155642023346,0.42412451361867703,0.42412451361867703,0.1517509727626459,0.027237354085603113,0.0,0.042801556420233464,-0.09084412525136183,0.666603147983551,7.083333333333333,10.708333333333334,12.0,0.2529182879377432,0.34444866557734205,0.375,0.625,0.0,0.0,0.5416666666666666,0.625,0.5833333333333334,0.5416666666666666,0.5416666666666666,0.4583333333333333,1.0,257.0,101.0,24.0,24.0,24.0,8.0,192.0,192.0,0.0,0.0729113083959806,0.00041480008328315056,0.6949363576598687,0.07249650388142315,0.0975688737656933,1.0,train,1,58,2026-04-22T16:07:56.574579+00:00,,Stage 2,2,60,165,2026-04-22 16:07:56.574579+00:00
0.006024857229713595,0.17335218076497144,0.5348837209302325,0.6996124031007752,0.25465116279069766,0.024636152910776716,0.18090937030745513,0.17335218076497144,0.5503875968992248,0.5348837209302325,0.6996124031007752,-0.007557189542483659,-0.015503875968992248,0.040697674418604654,0.2558139534883721,-0.001162790697674418,0.0,0.9579088224437061,0.018604651162790697,8.305647840531575e-05,0.0,0.0,0.5387596899224806,0.5348837209302325,0.5348837209302325,0.12790697674418605,0.0,0.0,0.015503875968992248,-7.277311280716297e-09,0.6181800365447998,6.875,10.75,12.0,0.2558139534883721,0.2775922619047619,0.3333333333333333,0.6666666666666666,0.0,0.0,0.5833333333333334,0.6666666666666666,0.625,0.5833333333333334,0.5833333333333334,0.4166666666666667,1.0,258.0,90.0,24.0,24.0,24.0,8.0,192.0,192.0,0.0,0.08977325426207648,0.011919544140497843,0.7764961282412212,0.0778537142041993,0.09432765028120609,1.0,train,1,59,2026-04-22T16:10:35.736745+00:00,,Stage 2,2,61,166,2026-04-22 16:10:35.736745+00:00
0.0393717629235512,0.18780650319829423,0.43283582089552236,0.5690298507462687,0.257089552238806,0.04517773307280493,0.1698843414337153,0.18780650319829423,0.3880597014925373,0.43283582089552236,0.5690298507462687,0.017922161764578937,0.04477611940298507,0.0018656716417910447,0.2291044776119403,0.027985074626865673,0.0,0.8710732054015636,0.004477611940298508,0.003544776119402985,0.0,0.007462686567164179,0.44029850746268656,0.44776119402985076,0.44776119402985076,0.23507462686567165,0.048507462686567165,0.0,0.0037313432835820895,-0.05358916020660258,0.6024817228317261,7.458333333333333,11.166666666666666,12.0,0.2835820895522388,0.12212698412698413,0.25,0.75,0.0,0.0,0.6666666666666666,0.8333333333333334,0.8333333333333334,0.6666666666666666,0.6666666666666666,0.3333333333333333,1.0,268.0,76.0,24.0,24.0,24.0,8.0,192.0,192.0,0.0,0.052440209020125236,-0.001675940265781001,0.6237798650798044,0.05411614920376451,0.08492101528248136,1.0,train,1,60,2026-04-22T16:13:37.729964+00:00,,Stage 2,2,62,167,2026-04-22 16:13:37.729964+00:00
0.025894718748743523,0.203127117357187,0.48416666666666663,0.59875,0.293,0.04995138541541019,0.18192253001985975,0.203127117357187,0.46041666666666664,0.48416666666666663,0.59875,0.021204587337327278,0.02375,0.0275,0.27837500000000004,0.014624999999999999,0.0,0.9106332497911446,0.024,0.0007083333333333335,0.0,0.0,,0.495,0.495,0.155,0.045,0.0,0.02,,,,,,,,,,,,,,,,,,,,,,,,,,,,,,,,,,eval,1,60,2026-04-22T16:15:24.455537+00:00,400.0,Stage 2,2,63,168,2026-04-22 16:15:24.455537+00:00
